tag,link,page,date
#Takip,/explore/tags/takip/,/bebekfuu/,2022-11-02T13:14:14.000Z
#bebek,/explore/tags/bebek/,/bebekfuu/,2022-11-02T13:14:14.000Z
#bebekfuu,/explore/tags/bebekfuu/,/bebekfuu/,2022-11-02T13:14:14.000Z
#anne,/explore/tags/anne/,/bebekfuu/,2022-11-02T13:14:14.000Z
#baba,/explore/tags/baba/,/bebekfuu/,2022-11-02T13:14:14.000Z
#kesfetteyiz,/explore/tags/kesfetteyiz/,/bebekfuu/,2022-11-02T13:14:14.000Z
#kesfet,/explore/tags/kesfet/,/bebekfuu/,2022-11-02T13:14:14.000Z
#viral,/explore/tags/viral/,/bebekfuu/,2022-11-02T13:14:14.000Z
#babies,/explore/tags/babies/,/bebekfuu/,2022-11-02T13:14:14.000Z
#cute,/explore/tags/cute/,/bebekfuu/,2022-11-02T13:14:14.000Z
#baby,/explore/tags/baby/,/bebekfuu/,2022-11-02T13:14:14.000Z
#fyg,/explore/tags/fyg/,/bebekfuu/,2022-11-02T13:14:14.000Z
#explore,/explore/tags/explore/,/bebekfuu/,2022-11-02T13:14:14.000Z
#innerchildlove,/explore/tags/innerchildlove/,/sheilatwomey/,2022-11-02T13:38:07.000Z
