tag,link,page,date,img
#aaizavuntakmitramandal,/explore/tags/aaizavuntakmitramandal/,/mxc_stan__/,2023-03-06T09:26:19.000Z,https://instagram.flko9-2.fna.fbcdn.net/v/t51.2885-19/333809103_1299313974271546_2607176014686263850_n.jpg?stp=dst-jpg_s150x150&_nc_ht=instagram.flko9-2.fna.fbcdn.net&_nc_cat=1&_nc_ohc=Qtxo4c-R0jkAX-gOywb&edm=ABmJApABAAAA&ccb=7-5&oh=00_AfADyBqwmbB1TxwkoU7xqw4Q1OFSeV6_LHn-iq6-z91s0w&oe=64148872&_nc_sid=6136e7
#aaizhauntakmitramandal,/explore/tags/aaizhauntakmitramandal/,/mxc_stan__/,2023-03-06T09:26:19.000Z,https://instagram.flko9-2.fna.fbcdn.net/v/t51.2885-19/333809103_1299313974271546_2607176014686263850_n.jpg?stp=dst-jpg_s150x150&_nc_ht=instagram.flko9-2.fna.fbcdn.net&_nc_cat=1&_nc_ohc=Qtxo4c-R0jkAX-gOywb&edm=ABmJApABAAAA&ccb=7-5&oh=00_AfADyBqwmbB1TxwkoU7xqw4Q1OFSeV6_LHn-iq6-z91s0w&oe=64148872&_nc_sid=6136e7
#bb16,/explore/tags/bb16/,/mxc_stan__/,2023-03-06T09:26:19.000Z,https://instagram.flko9-2.fna.fbcdn.net/v/t51.2885-19/333809103_1299313974271546_2607176014686263850_n.jpg?stp=dst-jpg_s150x150&_nc_ht=instagram.flko9-2.fna.fbcdn.net&_nc_cat=1&_nc_ohc=Qtxo4c-R0jkAX-gOywb&edm=ABmJApABAAAA&ccb=7-5&oh=00_AfADyBqwmbB1TxwkoU7xqw4Q1OFSeV6_LHn-iq6-z91s0w&oe=64148872&_nc_sid=6136e7
#beingsalmankhan,/explore/tags/beingsalmankhan/,/mxc_stan__/,2023-03-06T09:26:19.000Z,https://instagram.flko9-2.fna.fbcdn.net/v/t51.2885-19/333809103_1299313974271546_2607176014686263850_n.jpg?stp=dst-jpg_s150x150&_nc_ht=instagram.flko9-2.fna.fbcdn.net&_nc_cat=1&_nc_ohc=Qtxo4c-R0jkAX-gOywb&edm=ABmJApABAAAA&ccb=7-5&oh=00_AfADyBqwmbB1TxwkoU7xqw4Q1OFSeV6_LHn-iq6-z91s0w&oe=64148872&_nc_sid=6136e7
#biggboss16,/explore/tags/biggboss16/,/mxc_stan__/,2023-03-06T09:26:19.000Z,https://instagram.flko9-2.fna.fbcdn.net/v/t51.2885-19/333809103_1299313974271546_2607176014686263850_n.jpg?stp=dst-jpg_s150x150&_nc_ht=instagram.flko9-2.fna.fbcdn.net&_nc_cat=1&_nc_ohc=Qtxo4c-R0jkAX-gOywb&edm=ABmJApABAAAA&ccb=7-5&oh=00_AfADyBqwmbB1TxwkoU7xqw4Q1OFSeV6_LHn-iq6-z91s0w&oe=64148872&_nc_sid=6136e7
#cricket,/explore/tags/cricket/,/cricaddictor/,2023-03-06T08:56:27.000Z,https://instagram.flko9-2.fna.fbcdn.net/v/t51.2885-19/271953121_660852124914894_4945974136050913555_n.jpg?stp=dst-jpg_s150x150&_nc_ht=instagram.flko9-2.fna.fbcdn.net&_nc_cat=1&_nc_ohc=nGtUmfP31ywAX9noFc7&edm=ABmJApABAAAA&ccb=7-5&oh=00_AfBWOTTPqcIjmZX5TMk3RQgfVp5dC-3zOvyReuOaE3DmTQ&oe=6414272C&_nc_sid=6136e7
#emiwaybantai,/explore/tags/emiwaybantai/,/mxc_stan__/,2023-03-06T09:26:19.000Z,https://instagram.flko9-2.fna.fbcdn.net/v/t51.2885-19/333809103_1299313974271546_2607176014686263850_n.jpg?stp=dst-jpg_s150x150&_nc_ht=instagram.flko9-2.fna.fbcdn.net&_nc_cat=1&_nc_ohc=Qtxo4c-R0jkAX-gOywb&edm=ABmJApABAAAA&ccb=7-5&oh=00_AfADyBqwmbB1TxwkoU7xqw4Q1OFSeV6_LHn-iq6-z91s0w&oe=64148872&_nc_sid=6136e7
#explore,/explore/tags/explore/,/mxc_stan__/,2023-03-06T09:26:19.000Z,https://instagram.flko9-2.fna.fbcdn.net/v/t51.2885-19/333809103_1299313974271546_2607176014686263850_n.jpg?stp=dst-jpg_s150x150&_nc_ht=instagram.flko9-2.fna.fbcdn.net&_nc_cat=1&_nc_ohc=Qtxo4c-R0jkAX-gOywb&edm=ABmJApABAAAA&ccb=7-5&oh=00_AfADyBqwmbB1TxwkoU7xqw4Q1OFSeV6_LHn-iq6-z91s0w&oe=64148872&_nc_sid=6136e7
#exploreorg,/explore/tags/exploreorg/,/mxc_stan__/,2023-03-06T09:26:19.000Z,https://instagram.flko9-2.fna.fbcdn.net/v/t51.2885-19/333809103_1299313974271546_2607176014686263850_n.jpg?stp=dst-jpg_s150x150&_nc_ht=instagram.flko9-2.fna.fbcdn.net&_nc_cat=1&_nc_ohc=Qtxo4c-R0jkAX-gOywb&edm=ABmJApABAAAA&ccb=7-5&oh=00_AfADyBqwmbB1TxwkoU7xqw4Q1OFSeV6_LHn-iq6-z91s0w&oe=64148872&_nc_sid=6136e7
#explorepage,/explore/tags/explorepage/,/mxc_stan__/,2023-03-06T09:26:19.000Z,https://instagram.flko9-2.fna.fbcdn.net/v/t51.2885-19/333809103_1299313974271546_2607176014686263850_n.jpg?stp=dst-jpg_s150x150&_nc_ht=instagram.flko9-2.fna.fbcdn.net&_nc_cat=1&_nc_ohc=Qtxo4c-R0jkAX-gOywb&edm=ABmJApABAAAA&ccb=7-5&oh=00_AfADyBqwmbB1TxwkoU7xqw4Q1OFSeV6_LHn-iq6-z91s0w&oe=64148872&_nc_sid=6136e7
#friends,/explore/tags/friends/,/itx_me_ahad_023/,2023-03-07T22:43:17.000Z,https://instagram.flko9-2.fna.fbcdn.net/v/t51.2885-19/322432852_3455311784700988_1485953803998748600_n.jpg?stp=dst-jpg_s150x150&_nc_ht=instagram.flko9-2.fna.fbcdn.net&_nc_cat=104&_nc_ohc=X46-xSK5jmEAX_LZSu3&edm=ABmJApABAAAA&ccb=7-5&oh=00_AfDDVVZrZ3hvQreM6vT0-6c5-G6ea0QmzQG7_D4eiHBWPA&oe=641513DA&_nc_sid=6136e7
#friendsforever,/explore/tags/friendsforever/,/itx_me_ahad_023/,2023-03-07T22:43:17.000Z,https://instagram.flko9-2.fna.fbcdn.net/v/t51.2885-19/322432852_3455311784700988_1485953803998748600_n.jpg?stp=dst-jpg_s150x150&_nc_ht=instagram.flko9-2.fna.fbcdn.net&_nc_cat=104&_nc_ohc=X46-xSK5jmEAX_LZSu3&edm=ABmJApABAAAA&ccb=7-5&oh=00_AfDDVVZrZ3hvQreM6vT0-6c5-G6ea0QmzQG7_D4eiHBWPA&oe=641513DA&_nc_sid=6136e7
#goodmorning,/explore/tags/goodmorning/,/sidhu_moosevwala_astaadd/,2023-03-07T06:21:44.000Z,https://instagram.flko9-2.fna.fbcdn.net/v/t51.2885-19/315013600_115510007884704_180861161064971111_n.jpg?stp=dst-jpg_s150x150&_nc_ht=instagram.flko9-2.fna.fbcdn.net&_nc_cat=1&_nc_ohc=p5e7m63EdtsAX8_4ImF&edm=ABmJApABAAAA&ccb=7-5&oh=00_AfBld9d248LKtS7sU2juzsQjzb9z2gLK-NJIj8c2nGGW_Q&oe=641537DF&_nc_sid=6136e7
#haryanvi,/explore/tags/haryanvi/,/sidhu_moosevwala_astaadd/,2023-03-07T06:21:44.000Z,https://instagram.flko9-2.fna.fbcdn.net/v/t51.2885-19/315013600_115510007884704_180861161064971111_n.jpg?stp=dst-jpg_s150x150&_nc_ht=instagram.flko9-2.fna.fbcdn.net&_nc_cat=1&_nc_ohc=p5e7m63EdtsAX8_4ImF&edm=ABmJApABAAAA&ccb=7-5&oh=00_AfBld9d248LKtS7sU2juzsQjzb9z2gLK-NJIj8c2nGGW_Q&oe=641537DF&_nc_sid=6136e7
#indiaarmy,/explore/tags/indiaarmy/,/sidhu_moosevwala_astaadd/,2023-03-07T06:21:44.000Z,https://instagram.flko9-2.fna.fbcdn.net/v/t51.2885-19/315013600_115510007884704_180861161064971111_n.jpg?stp=dst-jpg_s150x150&_nc_ht=instagram.flko9-2.fna.fbcdn.net&_nc_cat=1&_nc_ohc=p5e7m63EdtsAX8_4ImF&edm=ABmJApABAAAA&ccb=7-5&oh=00_AfBld9d248LKtS7sU2juzsQjzb9z2gLK-NJIj8c2nGGW_Q&oe=641537DF&_nc_sid=6136e7
#instagram,/explore/tags/instagram/,/sidhu_moosevwala_astaadd/,2023-03-07T06:21:44.000Z,https://instagram.flko9-2.fna.fbcdn.net/v/t51.2885-19/315013600_115510007884704_180861161064971111_n.jpg?stp=dst-jpg_s150x150&_nc_ht=instagram.flko9-2.fna.fbcdn.net&_nc_cat=1&_nc_ohc=p5e7m63EdtsAX8_4ImF&edm=ABmJApABAAAA&ccb=7-5&oh=00_AfBld9d248LKtS7sU2juzsQjzb9z2gLK-NJIj8c2nGGW_Q&oe=641537DF&_nc_sid=6136e7
#jatt,/explore/tags/jatt/,/sidhu_moosevwala_astaadd/,2023-03-07T06:21:44.000Z,https://instagram.flko9-2.fna.fbcdn.net/v/t51.2885-19/315013600_115510007884704_180861161064971111_n.jpg?stp=dst-jpg_s150x150&_nc_ht=instagram.flko9-2.fna.fbcdn.net&_nc_cat=1&_nc_ohc=p5e7m63EdtsAX8_4ImF&edm=ABmJApABAAAA&ccb=7-5&oh=00_AfBld9d248LKtS7sU2juzsQjzb9z2gLK-NJIj8c2nGGW_Q&oe=641537DF&_nc_sid=6136e7
#jattlife,/explore/tags/jattlife/,/sidhu_moosevwala_astaadd/,2023-03-07T06:21:44.000Z,https://instagram.flko9-2.fna.fbcdn.net/v/t51.2885-19/315013600_115510007884704_180861161064971111_n.jpg?stp=dst-jpg_s150x150&_nc_ht=instagram.flko9-2.fna.fbcdn.net&_nc_cat=1&_nc_ohc=p5e7m63EdtsAX8_4ImF&edm=ABmJApABAAAA&ccb=7-5&oh=00_AfBld9d248LKtS7sU2juzsQjzb9z2gLK-NJIj8c2nGGW_Q&oe=641537DF&_nc_sid=6136e7
#jattmind‚ö†Ô∏è,/explore/tags/jattmind%E2%9A%A0%EF%B8%8F/,/sidhu_moosevwala_astaadd/,2023-03-07T06:21:44.000Z,https://instagram.flko9-2.fna.fbcdn.net/v/t51.2885-19/315013600_115510007884704_180861161064971111_n.jpg?stp=dst-jpg_s150x150&_nc_ht=instagram.flko9-2.fna.fbcdn.net&_nc_cat=1&_nc_ohc=p5e7m63EdtsAX8_4ImF&edm=ABmJApABAAAA&ccb=7-5&oh=00_AfBld9d248LKtS7sU2juzsQjzb9z2gLK-NJIj8c2nGGW_Q&oe=641537DF&_nc_sid=6136e7
#justiceforsidhumoosewala,/explore/tags/justiceforsidhumoosewala/,/sidhu_moosevwala_astaadd/,2023-03-07T06:21:44.000Z,https://instagram.flko9-2.fna.fbcdn.net/v/t51.2885-19/315013600_115510007884704_180861161064971111_n.jpg?stp=dst-jpg_s150x150&_nc_ht=instagram.flko9-2.fna.fbcdn.net&_nc_cat=1&_nc_ohc=p5e7m63EdtsAX8_4ImF&edm=ABmJApABAAAA&ccb=7-5&oh=00_AfBld9d248LKtS7sU2juzsQjzb9z2gLK-NJIj8c2nGGW_Q&oe=641537DF&_nc_sid=6136e7
#justicforsidhumoosewala,/explore/tags/justicforsidhumoosewala/,/sidhu_moosevwala_astaadd/,2023-03-07T06:21:44.000Z,https://instagram.flko9-2.fna.fbcdn.net/v/t51.2885-19/315013600_115510007884704_180861161064971111_n.jpg?stp=dst-jpg_s150x150&_nc_ht=instagram.flko9-2.fna.fbcdn.net&_nc_cat=1&_nc_ohc=p5e7m63EdtsAX8_4ImF&edm=ABmJApABAAAA&ccb=7-5&oh=00_AfBld9d248LKtS7sU2juzsQjzb9z2gLK-NJIj8c2nGGW_Q&oe=641537DF&_nc_sid=6136e7
#kisaan,/explore/tags/kisaan/,/sidhu_moosevwala_astaadd/,2023-03-07T06:21:44.000Z,https://instagram.flko9-2.fna.fbcdn.net/v/t51.2885-19/315013600_115510007884704_180861161064971111_n.jpg?stp=dst-jpg_s150x150&_nc_ht=instagram.flko9-2.fna.fbcdn.net&_nc_cat=1&_nc_ohc=p5e7m63EdtsAX8_4ImF&edm=ABmJApABAAAA&ccb=7-5&oh=00_AfBld9d248LKtS7sU2juzsQjzb9z2gLK-NJIj8c2nGGW_Q&oe=641537DF&_nc_sid=6136e7
#legend,/explore/tags/legend/,/sidhu_moosevwala_astaadd/,2023-03-07T06:21:44.000Z,https://instagram.flko9-2.fna.fbcdn.net/v/t51.2885-19/315013600_115510007884704_180861161064971111_n.jpg?stp=dst-jpg_s150x150&_nc_ht=instagram.flko9-2.fna.fbcdn.net&_nc_cat=1&_nc_ohc=p5e7m63EdtsAX8_4ImF&edm=ABmJApABAAAA&ccb=7-5&oh=00_AfBld9d248LKtS7sU2juzsQjzb9z2gLK-NJIj8c2nGGW_Q&oe=641537DF&_nc_sid=6136e7
#maa,/explore/tags/maa/,/sidhu_moosevwala_astaadd/,2023-03-07T06:21:44.000Z,https://instagram.flko9-2.fna.fbcdn.net/v/t51.2885-19/315013600_115510007884704_180861161064971111_n.jpg?stp=dst-jpg_s150x150&_nc_ht=instagram.flko9-2.fna.fbcdn.net&_nc_cat=1&_nc_ohc=p5e7m63EdtsAX8_4ImF&edm=ABmJApABAAAA&ccb=7-5&oh=00_AfBld9d248LKtS7sU2juzsQjzb9z2gLK-NJIj8c2nGGW_Q&oe=641537DF&_nc_sid=6136e7
#mcstan,/explore/tags/mcstan/,/mxc_stan__/,2023-03-06T09:26:19.000Z,https://instagram.flko9-2.fna.fbcdn.net/v/t51.2885-19/333809103_1299313974271546_2607176014686263850_n.jpg?stp=dst-jpg_s150x150&_nc_ht=instagram.flko9-2.fna.fbcdn.net&_nc_cat=1&_nc_ohc=Qtxo4c-R0jkAX-gOywb&edm=ABmJApABAAAA&ccb=7-5&oh=00_AfADyBqwmbB1TxwkoU7xqw4Q1OFSeV6_LHn-iq6-z91s0w&oe=64148872&_nc_sid=6136e7
#mcstanbigboss,/explore/tags/mcstanbigboss/,/mxc_stan__/,2023-03-06T09:26:19.000Z,https://instagram.flko9-2.fna.fbcdn.net/v/t51.2885-19/333809103_1299313974271546_2607176014686263850_n.jpg?stp=dst-jpg_s150x150&_nc_ht=instagram.flko9-2.fna.fbcdn.net&_nc_cat=1&_nc_ohc=Qtxo4c-R0jkAX-gOywb&edm=ABmJApABAAAA&ccb=7-5&oh=00_AfADyBqwmbB1TxwkoU7xqw4Q1OFSeV6_LHn-iq6-z91s0w&oe=64148872&_nc_sid=6136e7
#mcstand,/explore/tags/mcstand/,/mxc_stan__/,2023-03-06T09:26:19.000Z,https://instagram.flko9-2.fna.fbcdn.net/v/t51.2885-19/333809103_1299313974271546_2607176014686263850_n.jpg?stp=dst-jpg_s150x150&_nc_ht=instagram.flko9-2.fna.fbcdn.net&_nc_cat=1&_nc_ohc=Qtxo4c-R0jkAX-gOywb&edm=ABmJApABAAAA&ccb=7-5&oh=00_AfADyBqwmbB1TxwkoU7xqw4Q1OFSeV6_LHn-iq6-z91s0w&oe=64148872&_nc_sid=6136e7
#mcstandup‚ùóÔ∏è,/explore/tags/mcstandup%E2%9D%97%EF%B8%8F/,/mxc_stan__/,2023-03-06T09:26:19.000Z,https://instagram.flko9-2.fna.fbcdn.net/v/t51.2885-19/333809103_1299313974271546_2607176014686263850_n.jpg?stp=dst-jpg_s150x150&_nc_ht=instagram.flko9-2.fna.fbcdn.net&_nc_cat=1&_nc_ohc=Qtxo4c-R0jkAX-gOywb&edm=ABmJApABAAAA&ccb=7-5&oh=00_AfADyBqwmbB1TxwkoU7xqw4Q1OFSeV6_LHn-iq6-z91s0w&oe=64148872&_nc_sid=6136e7
#mcstanedits,/explore/tags/mcstanedits/,/mxc_stan__/,2023-03-06T09:26:19.000Z,https://instagram.flko9-2.fna.fbcdn.net/v/t51.2885-19/333809103_1299313974271546_2607176014686263850_n.jpg?stp=dst-jpg_s150x150&_nc_ht=instagram.flko9-2.fna.fbcdn.net&_nc_cat=1&_nc_ohc=Qtxo4c-R0jkAX-gOywb&edm=ABmJApABAAAA&ccb=7-5&oh=00_AfADyBqwmbB1TxwkoU7xqw4Q1OFSeV6_LHn-iq6-z91s0w&oe=64148872&_nc_sid=6136e7
#mcstanfan,/explore/tags/mcstanfan/,/mxc_stan__/,2023-03-06T09:26:19.000Z,https://instagram.flko9-2.fna.fbcdn.net/v/t51.2885-19/333809103_1299313974271546_2607176014686263850_n.jpg?stp=dst-jpg_s150x150&_nc_ht=instagram.flko9-2.fna.fbcdn.net&_nc_cat=1&_nc_ohc=Qtxo4c-R0jkAX-gOywb&edm=ABmJApABAAAA&ccb=7-5&oh=00_AfADyBqwmbB1TxwkoU7xqw4Q1OFSeV6_LHn-iq6-z91s0w&oe=64148872&_nc_sid=6136e7
#mcstanfanclub,/explore/tags/mcstanfanclub/,/mxc_stan__/,2023-03-06T09:26:19.000Z,https://instagram.flko9-2.fna.fbcdn.net/v/t51.2885-19/333809103_1299313974271546_2607176014686263850_n.jpg?stp=dst-jpg_s150x150&_nc_ht=instagram.flko9-2.fna.fbcdn.net&_nc_cat=1&_nc_ohc=Qtxo4c-R0jkAX-gOywb&edm=ABmJApABAAAA&ccb=7-5&oh=00_AfADyBqwmbB1TxwkoU7xqw4Q1OFSeV6_LHn-iq6-z91s0w&oe=64148872&_nc_sid=6136e7
#mcstangraphics,/explore/tags/mcstangraphics/,/mxc_stan__/,2023-03-06T09:26:19.000Z,https://instagram.flko9-2.fna.fbcdn.net/v/t51.2885-19/333809103_1299313974271546_2607176014686263850_n.jpg?stp=dst-jpg_s150x150&_nc_ht=instagram.flko9-2.fna.fbcdn.net&_nc_cat=1&_nc_ohc=Qtxo4c-R0jkAX-gOywb&edm=ABmJApABAAAA&ccb=7-5&oh=00_AfADyBqwmbB1TxwkoU7xqw4Q1OFSeV6_LHn-iq6-z91s0w&oe=64148872&_nc_sid=6136e7
#mcstanistheboss,/explore/tags/mcstanistheboss/,/mxc_stan__/,2023-03-06T09:26:19.000Z,https://instagram.flko9-2.fna.fbcdn.net/v/t51.2885-19/333809103_1299313974271546_2607176014686263850_n.jpg?stp=dst-jpg_s150x150&_nc_ht=instagram.flko9-2.fna.fbcdn.net&_nc_cat=1&_nc_ohc=Qtxo4c-R0jkAX-gOywb&edm=ABmJApABAAAA&ccb=7-5&oh=00_AfADyBqwmbB1TxwkoU7xqw4Q1OFSeV6_LHn-iq6-z91s0w&oe=64148872&_nc_sid=6136e7
#mcstanloversüëΩ,/explore/tags/mcstanlovers%F0%9F%91%BD/,/mxc_stan__/,2023-03-06T09:26:19.000Z,https://instagram.flko9-2.fna.fbcdn.net/v/t51.2885-19/333809103_1299313974271546_2607176014686263850_n.jpg?stp=dst-jpg_s150x150&_nc_ht=instagram.flko9-2.fna.fbcdn.net&_nc_cat=1&_nc_ohc=Qtxo4c-R0jkAX-gOywb&edm=ABmJApABAAAA&ccb=7-5&oh=00_AfADyBqwmbB1TxwkoU7xqw4Q1OFSeV6_LHn-iq6-z91s0w&oe=64148872&_nc_sid=6136e7
#mcstanoficial,/explore/tags/mcstanoficial/,/mxc_stan__/,2023-03-06T09:26:19.000Z,https://instagram.flko9-2.fna.fbcdn.net/v/t51.2885-19/333809103_1299313974271546_2607176014686263850_n.jpg?stp=dst-jpg_s150x150&_nc_ht=instagram.flko9-2.fna.fbcdn.net&_nc_cat=1&_nc_ohc=Qtxo4c-R0jkAX-gOywb&edm=ABmJApABAAAA&ccb=7-5&oh=00_AfADyBqwmbB1TxwkoU7xqw4Q1OFSeV6_LHn-iq6-z91s0w&oe=64148872&_nc_sid=6136e7
#mcstanraparmyüëΩüëΩüëΩüëΩ,/explore/tags/mcstanraparmy%F0%9F%91%BD%F0%9F%91%BD%F0%9F%91%BD%F0%9F%91%BD/,/mxc_stan__/,2023-03-06T09:26:19.000Z,https://instagram.flko9-2.fna.fbcdn.net/v/t51.2885-19/333809103_1299313974271546_2607176014686263850_n.jpg?stp=dst-jpg_s150x150&_nc_ht=instagram.flko9-2.fna.fbcdn.net&_nc_cat=1&_nc_ohc=Qtxo4c-R0jkAX-gOywb&edm=ABmJApABAAAA&ccb=7-5&oh=00_AfADyBqwmbB1TxwkoU7xqw4Q1OFSeV6_LHn-iq6-z91s0w&oe=64148872&_nc_sid=6136e7
#mcstanrapper,/explore/tags/mcstanrapper/,/mxc_stan__/,2023-03-06T09:26:19.000Z,https://instagram.flko9-2.fna.fbcdn.net/v/t51.2885-19/333809103_1299313974271546_2607176014686263850_n.jpg?stp=dst-jpg_s150x150&_nc_ht=instagram.flko9-2.fna.fbcdn.net&_nc_cat=1&_nc_ohc=Qtxo4c-R0jkAX-gOywb&edm=ABmJApABAAAA&ccb=7-5&oh=00_AfADyBqwmbB1TxwkoU7xqw4Q1OFSeV6_LHn-iq6-z91s0w&oe=64148872&_nc_sid=6136e7
#mcstanreels,/explore/tags/mcstanreels/,/mxc_stan__/,2023-03-06T09:26:19.000Z,https://instagram.flko9-2.fna.fbcdn.net/v/t51.2885-19/333809103_1299313974271546_2607176014686263850_n.jpg?stp=dst-jpg_s150x150&_nc_ht=instagram.flko9-2.fna.fbcdn.net&_nc_cat=1&_nc_ohc=Qtxo4c-R0jkAX-gOywb&edm=ABmJApABAAAA&ccb=7-5&oh=00_AfADyBqwmbB1TxwkoU7xqw4Q1OFSeV6_LHn-iq6-z91s0w&oe=64148872&_nc_sid=6136e7
#mcstansnake,/explore/tags/mcstansnake/,/mxc_stan__/,2023-03-06T09:26:19.000Z,https://instagram.flko9-2.fna.fbcdn.net/v/t51.2885-19/333809103_1299313974271546_2607176014686263850_n.jpg?stp=dst-jpg_s150x150&_nc_ht=instagram.flko9-2.fna.fbcdn.net&_nc_cat=1&_nc_ohc=Qtxo4c-R0jkAX-gOywb&edm=ABmJApABAAAA&ccb=7-5&oh=00_AfADyBqwmbB1TxwkoU7xqw4Q1OFSeV6_LHn-iq6-z91s0w&oe=64148872&_nc_sid=6136e7
#mcstanstatus,/explore/tags/mcstanstatus/,/mxc_stan__/,2023-03-06T09:26:19.000Z,https://instagram.flko9-2.fna.fbcdn.net/v/t51.2885-19/333809103_1299313974271546_2607176014686263850_n.jpg?stp=dst-jpg_s150x150&_nc_ht=instagram.flko9-2.fna.fbcdn.net&_nc_cat=1&_nc_ohc=Qtxo4c-R0jkAX-gOywb&edm=ABmJApABAAAA&ccb=7-5&oh=00_AfADyBqwmbB1TxwkoU7xqw4Q1OFSeV6_LHn-iq6-z91s0w&oe=64148872&_nc_sid=6136e7
#mcstantadipaar,/explore/tags/mcstantadipaar/,/mxc_stan__/,2023-03-06T09:26:19.000Z,https://instagram.flko9-2.fna.fbcdn.net/v/t51.2885-19/333809103_1299313974271546_2607176014686263850_n.jpg?stp=dst-jpg_s150x150&_nc_ht=instagram.flko9-2.fna.fbcdn.net&_nc_cat=1&_nc_ohc=Qtxo4c-R0jkAX-gOywb&edm=ABmJApABAAAA&ccb=7-5&oh=00_AfADyBqwmbB1TxwkoU7xqw4Q1OFSeV6_LHn-iq6-z91s0w&oe=64148872&_nc_sid=6136e7
#mcstanüëΩüçÅ,/explore/tags/mcstan%F0%9F%91%BD%F0%9F%8D%81/,/mxc_stan__/,2023-03-06T09:26:19.000Z,https://instagram.flko9-2.fna.fbcdn.net/v/t51.2885-19/333809103_1299313974271546_2607176014686263850_n.jpg?stp=dst-jpg_s150x150&_nc_ht=instagram.flko9-2.fna.fbcdn.net&_nc_cat=1&_nc_ohc=Qtxo4c-R0jkAX-gOywb&edm=ABmJApABAAAA&ccb=7-5&oh=00_AfADyBqwmbB1TxwkoU7xqw4Q1OFSeV6_LHn-iq6-z91s0w&oe=64148872&_nc_sid=6136e7
#paris,/explore/tags/paris/,/raashiikhanna/,2023-03-09T12:45:02.000Z,https://instagram.flko9-2.fna.fbcdn.net/v/t51.2885-19/291589478_1660340987670668_5925545092916832440_n.jpg?stp=dst-jpg_s150x150&_nc_ht=instagram.flko9-2.fna.fbcdn.net&_nc_cat=1&_nc_ohc=rLzhGr_0deoAX-kj-hh&edm=ABmJApABAAAA&ccb=7-5&oh=00_AfB6DUr-L8U2GGQhgs91fOoq-BdOsegtCflmYw_owEM7-Q&oe=641571A5&_nc_sid=6136e7
#photooftheday,/explore/tags/photooftheday/,/itx_me_ahad_023/,2023-03-07T22:43:17.000Z,https://instagram.flko9-2.fna.fbcdn.net/v/t51.2885-19/322432852_3455311784700988_1485953803998748600_n.jpg?stp=dst-jpg_s150x150&_nc_ht=instagram.flko9-2.fna.fbcdn.net&_nc_cat=104&_nc_ohc=X46-xSK5jmEAX_LZSu3&edm=ABmJApABAAAA&ccb=7-5&oh=00_AfDDVVZrZ3hvQreM6vT0-6c5-G6ea0QmzQG7_D4eiHBWPA&oe=641513DA&_nc_sid=6136e7
#pindawale,/explore/tags/pindawale/,/sidhu_moosevwala_astaadd/,2023-03-07T06:21:44.000Z,https://instagram.flko9-2.fna.fbcdn.net/v/t51.2885-19/315013600_115510007884704_180861161064971111_n.jpg?stp=dst-jpg_s150x150&_nc_ht=instagram.flko9-2.fna.fbcdn.net&_nc_cat=1&_nc_ohc=p5e7m63EdtsAX8_4ImF&edm=ABmJApABAAAA&ccb=7-5&oh=00_AfBld9d248LKtS7sU2juzsQjzb9z2gLK-NJIj8c2nGGW_Q&oe=641537DF&_nc_sid=6136e7
#punjab,/explore/tags/punjab/,/sidhu_moosevwala_astaadd/,2023-03-07T06:21:44.000Z,https://instagram.flko9-2.fna.fbcdn.net/v/t51.2885-19/315013600_115510007884704_180861161064971111_n.jpg?stp=dst-jpg_s150x150&_nc_ht=instagram.flko9-2.fna.fbcdn.net&_nc_cat=1&_nc_ohc=p5e7m63EdtsAX8_4ImF&edm=ABmJApABAAAA&ccb=7-5&oh=00_AfBld9d248LKtS7sU2juzsQjzb9z2gLK-NJIj8c2nGGW_Q&oe=641537DF&_nc_sid=6136e7
#punjabi,/explore/tags/punjabi/,/sidhu_moosevwala_astaadd/,2023-03-07T06:21:44.000Z,https://instagram.flko9-2.fna.fbcdn.net/v/t51.2885-19/315013600_115510007884704_180861161064971111_n.jpg?stp=dst-jpg_s150x150&_nc_ht=instagram.flko9-2.fna.fbcdn.net&_nc_cat=1&_nc_ohc=p5e7m63EdtsAX8_4ImF&edm=ABmJApABAAAA&ccb=7-5&oh=00_AfBld9d248LKtS7sU2juzsQjzb9z2gLK-NJIj8c2nGGW_Q&oe=641537DF&_nc_sid=6136e7
#punjabigirl,/explore/tags/punjabigirl/,/sidhu_moosevwala_astaadd/,2023-03-07T06:21:44.000Z,https://instagram.flko9-2.fna.fbcdn.net/v/t51.2885-19/315013600_115510007884704_180861161064971111_n.jpg?stp=dst-jpg_s150x150&_nc_ht=instagram.flko9-2.fna.fbcdn.net&_nc_cat=1&_nc_ohc=p5e7m63EdtsAX8_4ImF&edm=ABmJApABAAAA&ccb=7-5&oh=00_AfBld9d248LKtS7sU2juzsQjzb9z2gLK-NJIj8c2nGGW_Q&oe=641537DF&_nc_sid=6136e7
#punjabisingers,/explore/tags/punjabisingers/,/sidhu_moosevwala_astaadd/,2023-03-07T06:21:44.000Z,https://instagram.flko9-2.fna.fbcdn.net/v/t51.2885-19/315013600_115510007884704_180861161064971111_n.jpg?stp=dst-jpg_s150x150&_nc_ht=instagram.flko9-2.fna.fbcdn.net&_nc_cat=1&_nc_ohc=p5e7m63EdtsAX8_4ImF&edm=ABmJApABAAAA&ccb=7-5&oh=00_AfBld9d248LKtS7sU2juzsQjzb9z2gLK-NJIj8c2nGGW_Q&oe=641537DF&_nc_sid=6136e7
#punjabisuit,/explore/tags/punjabisuit/,/sidhu_moosevwala_astaadd/,2023-03-07T06:21:44.000Z,https://instagram.flko9-2.fna.fbcdn.net/v/t51.2885-19/315013600_115510007884704_180861161064971111_n.jpg?stp=dst-jpg_s150x150&_nc_ht=instagram.flko9-2.fna.fbcdn.net&_nc_cat=1&_nc_ohc=p5e7m63EdtsAX8_4ImF&edm=ABmJApABAAAA&ccb=7-5&oh=00_AfBld9d248LKtS7sU2juzsQjzb9z2gLK-NJIj8c2nGGW_Q&oe=641537DF&_nc_sid=6136e7
#reels,/explore/tags/reels/,/sidhu_moosevwala_astaadd/,2023-03-07T06:21:44.000Z,https://instagram.flko9-2.fna.fbcdn.net/v/t51.2885-19/315013600_115510007884704_180861161064971111_n.jpg?stp=dst-jpg_s150x150&_nc_ht=instagram.flko9-2.fna.fbcdn.net&_nc_cat=1&_nc_ohc=p5e7m63EdtsAX8_4ImF&edm=ABmJApABAAAA&ccb=7-5&oh=00_AfBld9d248LKtS7sU2juzsQjzb9z2gLK-NJIj8c2nGGW_Q&oe=641537DF&_nc_sid=6136e7
#ripsidhumoosewala,/explore/tags/ripsidhumoosewala/,/sidhu_moosevwala_astaadd/,2023-03-07T06:21:44.000Z,https://instagram.flko9-2.fna.fbcdn.net/v/t51.2885-19/315013600_115510007884704_180861161064971111_n.jpg?stp=dst-jpg_s150x150&_nc_ht=instagram.flko9-2.fna.fbcdn.net&_nc_cat=1&_nc_ohc=p5e7m63EdtsAX8_4ImF&edm=ABmJApABAAAA&ccb=7-5&oh=00_AfBld9d248LKtS7sU2juzsQjzb9z2gLK-NJIj8c2nGGW_Q&oe=641537DF&_nc_sid=6136e7
#sardar,/explore/tags/sardar/,/sidhu_moosevwala_astaadd/,2023-03-07T06:21:44.000Z,https://instagram.flko9-2.fna.fbcdn.net/v/t51.2885-19/315013600_115510007884704_180861161064971111_n.jpg?stp=dst-jpg_s150x150&_nc_ht=instagram.flko9-2.fna.fbcdn.net&_nc_cat=1&_nc_ohc=p5e7m63EdtsAX8_4ImF&edm=ABmJApABAAAA&ccb=7-5&oh=00_AfBld9d248LKtS7sU2juzsQjzb9z2gLK-NJIj8c2nGGW_Q&oe=641537DF&_nc_sid=6136e7
#sidhu_moosevwala_astad,/explore/tags/sidhu_moosevwala_astad/,/sidhu_moosevwala_astaadd/,2023-03-07T06:21:44.000Z,https://instagram.flko9-2.fna.fbcdn.net/v/t51.2885-19/315013600_115510007884704_180861161064971111_n.jpg?stp=dst-jpg_s150x150&_nc_ht=instagram.flko9-2.fna.fbcdn.net&_nc_cat=1&_nc_ohc=p5e7m63EdtsAX8_4ImF&edm=ABmJApABAAAA&ccb=7-5&oh=00_AfBld9d248LKtS7sU2juzsQjzb9z2gLK-NJIj8c2nGGW_Q&oe=641537DF&_nc_sid=6136e7
#sidhumoosewala,/explore/tags/sidhumoosewala/,/sidhu_moosevwala_astaadd/,2023-03-07T06:21:44.000Z,https://instagram.flko9-2.fna.fbcdn.net/v/t51.2885-19/315013600_115510007884704_180861161064971111_n.jpg?stp=dst-jpg_s150x150&_nc_ht=instagram.flko9-2.fna.fbcdn.net&_nc_cat=1&_nc_ohc=p5e7m63EdtsAX8_4ImF&edm=ABmJApABAAAA&ccb=7-5&oh=00_AfBld9d248LKtS7sU2juzsQjzb9z2gLK-NJIj8c2nGGW_Q&oe=641537DF&_nc_sid=6136e7
#sidhumoosewala_only,/explore/tags/sidhumoosewala_only/,/sidhu_moosevwala_astaadd/,2023-03-07T06:21:44.000Z,https://instagram.flko9-2.fna.fbcdn.net/v/t51.2885-19/315013600_115510007884704_180861161064971111_n.jpg?stp=dst-jpg_s150x150&_nc_ht=instagram.flko9-2.fna.fbcdn.net&_nc_cat=1&_nc_ohc=p5e7m63EdtsAX8_4ImF&edm=ABmJApABAAAA&ccb=7-5&oh=00_AfBld9d248LKtS7sU2juzsQjzb9z2gLK-NJIj8c2nGGW_Q&oe=641537DF&_nc_sid=6136e7
#sidhumoosewalafans,/explore/tags/sidhumoosewalafans/,/sidhu_moosevwala_astaadd/,2023-03-07T06:21:44.000Z,https://instagram.flko9-2.fna.fbcdn.net/v/t51.2885-19/315013600_115510007884704_180861161064971111_n.jpg?stp=dst-jpg_s150x150&_nc_ht=instagram.flko9-2.fna.fbcdn.net&_nc_cat=1&_nc_ohc=p5e7m63EdtsAX8_4ImF&edm=ABmJApABAAAA&ccb=7-5&oh=00_AfBld9d248LKtS7sU2juzsQjzb9z2gLK-NJIj8c2nGGW_Q&oe=641537DF&_nc_sid=6136e7
#sidhumoosewalarip,/explore/tags/sidhumoosewalarip/,/sidhu_moosevwala_astaadd/,2023-03-07T06:21:44.000Z,https://instagram.flko9-2.fna.fbcdn.net/v/t51.2885-19/315013600_115510007884704_180861161064971111_n.jpg?stp=dst-jpg_s150x150&_nc_ht=instagram.flko9-2.fna.fbcdn.net&_nc_cat=1&_nc_ohc=p5e7m63EdtsAX8_4ImF&edm=ABmJApABAAAA&ccb=7-5&oh=00_AfBld9d248LKtS7sU2juzsQjzb9z2gLK-NJIj8c2nGGW_Q&oe=641537DF&_nc_sid=6136e7
#stanarmy,/explore/tags/stanarmy/,/mxc_stan__/,2023-03-06T09:26:19.000Z,https://instagram.flko9-2.fna.fbcdn.net/v/t51.2885-19/333809103_1299313974271546_2607176014686263850_n.jpg?stp=dst-jpg_s150x150&_nc_ht=instagram.flko9-2.fna.fbcdn.net&_nc_cat=1&_nc_ohc=Qtxo4c-R0jkAX-gOywb&edm=ABmJApABAAAA&ccb=7-5&oh=00_AfADyBqwmbB1TxwkoU7xqw4Q1OFSeV6_LHn-iq6-z91s0w&oe=64148872&_nc_sid=6136e7
#stanny,/explore/tags/stanny/,/mxc_stan__/,2023-03-06T09:26:19.000Z,https://instagram.flko9-2.fna.fbcdn.net/v/t51.2885-19/333809103_1299313974271546_2607176014686263850_n.jpg?stp=dst-jpg_s150x150&_nc_ht=instagram.flko9-2.fna.fbcdn.net&_nc_cat=1&_nc_ohc=Qtxo4c-R0jkAX-gOywb&edm=ABmJApABAAAA&ccb=7-5&oh=00_AfADyBqwmbB1TxwkoU7xqw4Q1OFSeV6_LHn-iq6-z91s0w&oe=64148872&_nc_sid=6136e7
#stannyinkimaachoddaalüëÅÔ∏è,/explore/tags/stannyinkimaachoddaal%F0%9F%91%81%EF%B8%8F/,/mxc_stan__/,2023-03-06T09:26:19.000Z,https://instagram.flko9-2.fna.fbcdn.net/v/t51.2885-19/333809103_1299313974271546_2607176014686263850_n.jpg?stp=dst-jpg_s150x150&_nc_ht=instagram.flko9-2.fna.fbcdn.net&_nc_cat=1&_nc_ohc=Qtxo4c-R0jkAX-gOywb&edm=ABmJApABAAAA&ccb=7-5&oh=00_AfADyBqwmbB1TxwkoU7xqw4Q1OFSeV6_LHn-iq6-z91s0w&oe=64148872&_nc_sid=6136e7
#syl,/explore/tags/syl/,/sidhu_moosevwala_astaadd/,2023-03-07T06:21:44.000Z,https://instagram.flko9-2.fna.fbcdn.net/v/t51.2885-19/315013600_115510007884704_180861161064971111_n.jpg?stp=dst-jpg_s150x150&_nc_ht=instagram.flko9-2.fna.fbcdn.net&_nc_cat=1&_nc_ohc=p5e7m63EdtsAX8_4ImF&edm=ABmJApABAAAA&ccb=7-5&oh=00_AfBld9d248LKtS7sU2juzsQjzb9z2gLK-NJIj8c2nGGW_Q&oe=641537DF&_nc_sid=6136e7
#trendingreels,/explore/tags/trendingreels/,/sidhu_moosevwala_astaadd/,2023-03-07T06:21:44.000Z,https://instagram.flko9-2.fna.fbcdn.net/v/t51.2885-19/315013600_115510007884704_180861161064971111_n.jpg?stp=dst-jpg_s150x150&_nc_ht=instagram.flko9-2.fna.fbcdn.net&_nc_cat=1&_nc_ohc=p5e7m63EdtsAX8_4ImF&edm=ABmJApABAAAA&ccb=7-5&oh=00_AfBld9d248LKtS7sU2juzsQjzb9z2gLK-NJIj8c2nGGW_Q&oe=641537DF&_nc_sid=6136e7
#viralvideos,/explore/tags/viralvideos/,/sidhu_moosevwala_astaadd/,2023-03-07T06:21:44.000Z,https://instagram.flko9-2.fna.fbcdn.net/v/t51.2885-19/315013600_115510007884704_180861161064971111_n.jpg?stp=dst-jpg_s150x150&_nc_ht=instagram.flko9-2.fna.fbcdn.net&_nc_cat=1&_nc_ohc=p5e7m63EdtsAX8_4ImF&edm=ABmJApABAAAA&ccb=7-5&oh=00_AfBld9d248LKtS7sU2juzsQjzb9z2gLK-NJIj8c2nGGW_Q&oe=641537DF&_nc_sid=6136e7
#wmküôè,/explore/tags/wmk%F0%9F%99%8F/,/sidhu_moosevwala_astaadd/,2023-03-07T06:21:44.000Z,https://instagram.flko9-2.fna.fbcdn.net/v/t51.2885-19/315013600_115510007884704_180861161064971111_n.jpg?stp=dst-jpg_s150x150&_nc_ht=instagram.flko9-2.fna.fbcdn.net&_nc_cat=1&_nc_ohc=p5e7m63EdtsAX8_4ImF&edm=ABmJApABAAAA&ccb=7-5&oh=00_AfBld9d248LKtS7sU2juzsQjzb9z2gLK-NJIj8c2nGGW_Q&oe=641537DF&_nc_sid=6136e7
#yedechalekarobhimat,/explore/tags/yedechalekarobhimat/,/mxc_stan__/,2023-03-06T09:26:19.000Z,https://instagram.flko9-2.fna.fbcdn.net/v/t51.2885-19/333809103_1299313974271546_2607176014686263850_n.jpg?stp=dst-jpg_s150x150&_nc_ht=instagram.flko9-2.fna.fbcdn.net&_nc_cat=1&_nc_ohc=Qtxo4c-R0jkAX-gOywb&edm=ABmJApABAAAA&ccb=7-5&oh=00_AfADyBqwmbB1TxwkoU7xqw4Q1OFSeV6_LHn-iq6-z91s0w&oe=64148872&_nc_sid=6136e7
tag,link,page,date,img
#20likes,/explore/tags/20likes/,/mr_efx_studio/,2023-03-12T15:48:47.000Z,https://instagram.flko11-1.fna.fbcdn.net/v/t51.2885-19/321184508_550622126998374_7413796976093389746_n.jpg?stp=dst-jpg_s150x150&_nc_ht=instagram.flko11-1.fna.fbcdn.net&_nc_cat=1&_nc_ohc=DE4I_eb7xzYAX-ExtCE&edm=ABmJApABAAAA&ccb=7-5&oh=00_AfDDT0dFU4K3Mz4WY2-gVGxt9QAq6vZ1qycXGXqX_gIUpA&oe=6419826D&_nc_sid=6136e7
#3,/explore/tags/3/,/mr_efx_studio/,2023-03-12T15:48:47.000Z,https://instagram.flko11-1.fna.fbcdn.net/v/t51.2885-19/321184508_550622126998374_7413796976093389746_n.jpg?stp=dst-jpg_s150x150&_nc_ht=instagram.flko11-1.fna.fbcdn.net&_nc_cat=1&_nc_ohc=DE4I_eb7xzYAX-ExtCE&edm=ABmJApABAAAA&ccb=7-5&oh=00_AfDDT0dFU4K3Mz4WY2-gVGxt9QAq6vZ1qycXGXqX_gIUpA&oe=6419826D&_nc_sid=6136e7
#Abdu,/explore/tags/abdu/,/abdu_rozik/,2023-03-13T11:44:01.000Z,https://instagram.flko11-1.fna.fbcdn.net/v/t51.2885-19/274803754_282152990707210_4834547367966503480_n.jpg?stp=dst-jpg_s150x150&_nc_ht=instagram.flko11-1.fna.fbcdn.net&_nc_cat=1&_nc_ohc=bS4C0jfwK44AX8UmcQ9&edm=ABmJApABAAAA&ccb=7-5&oh=00_AfBHfKthVDysUq-HxictFMWmCZl9_TBfjK9KIJpAl-LtyQ&oe=641B1CA6&_nc_sid=6136e7
#actor,/explore/tags/actor/,/abdu_rozik/,2023-03-13T11:44:01.000Z,https://instagram.flko11-1.fna.fbcdn.net/v/t51.2885-19/274803754_282152990707210_4834547367966503480_n.jpg?stp=dst-jpg_s150x150&_nc_ht=instagram.flko11-1.fna.fbcdn.net&_nc_cat=1&_nc_ohc=bS4C0jfwK44AX8UmcQ9&edm=ABmJApABAAAA&ccb=7-5&oh=00_AfBHfKthVDysUq-HxictFMWmCZl9_TBfjK9KIJpAl-LtyQ&oe=641B1CA6&_nc_sid=6136e7
#alygoni,/explore/tags/alygoni/,/filmycook/,2023-03-12T06:35:21.000Z,https://instagram.flko11-1.fna.fbcdn.net/v/t51.2885-19/262570051_3856128037823218_6074020491866994774_n.jpg?stp=dst-jpg_s150x150&_nc_ht=instagram.flko11-1.fna.fbcdn.net&_nc_cat=1&_nc_ohc=e1lghldb7I0AX80twR0&edm=ABmJApABAAAA&ccb=7-5&oh=00_AfCx18QESyhBE4IjaFmyEHH2EUNl5zQumVU-rQQS8dq2Uw&oe=641ADB8D&_nc_sid=6136e7
#apnabanale,/explore/tags/apnabanale/,/rimm_29/,2023-01-09T12:47:55.000Z,https://instagram.flko11-1.fna.fbcdn.net/v/t51.2885-19/332871027_932214534860381_841587778005346303_n.jpg?stp=dst-jpg_s150x150&_nc_ht=instagram.flko11-1.fna.fbcdn.net&_nc_cat=105&_nc_ohc=76hrrGXVGQ8AX_kx_-Q&edm=ABmJApABAAAA&ccb=7-5&oh=00_AfBBuHDmRnuKydv4yH3XDF9QxLLwZ7WjRuCui5vOjxkfmQ&oe=6419F861&_nc_sid=6136e7
#artist,/explore/tags/artist/,/abdu_rozik/,2023-03-13T11:44:01.000Z,https://instagram.flko11-1.fna.fbcdn.net/v/t51.2885-19/274803754_282152990707210_4834547367966503480_n.jpg?stp=dst-jpg_s150x150&_nc_ht=instagram.flko11-1.fna.fbcdn.net&_nc_cat=1&_nc_ohc=bS4C0jfwK44AX8UmcQ9&edm=ABmJApABAAAA&ccb=7-5&oh=00_AfBHfKthVDysUq-HxictFMWmCZl9_TBfjK9KIJpAl-LtyQ&oe=641B1CA6&_nc_sid=6136e7
#bangalore,/explore/tags/bangalore/,/abdu_rozik/,2023-03-13T11:44:01.000Z,https://instagram.flko11-1.fna.fbcdn.net/v/t51.2885-19/274803754_282152990707210_4834547367966503480_n.jpg?stp=dst-jpg_s150x150&_nc_ht=instagram.flko11-1.fna.fbcdn.net&_nc_cat=1&_nc_ohc=bS4C0jfwK44AX8UmcQ9&edm=ABmJApABAAAA&ccb=7-5&oh=00_AfBHfKthVDysUq-HxictFMWmCZl9_TBfjK9KIJpAl-LtyQ&oe=641B1CA6&_nc_sid=6136e7
#bengaluru,/explore/tags/bengaluru/,/abdu_rozik/,2023-03-13T11:44:01.000Z,https://instagram.flko11-1.fna.fbcdn.net/v/t51.2885-19/274803754_282152990707210_4834547367966503480_n.jpg?stp=dst-jpg_s150x150&_nc_ht=instagram.flko11-1.fna.fbcdn.net&_nc_cat=1&_nc_ohc=bS4C0jfwK44AX8UmcQ9&edm=ABmJApABAAAA&ccb=7-5&oh=00_AfBHfKthVDysUq-HxictFMWmCZl9_TBfjK9KIJpAl-LtyQ&oe=641B1CA6&_nc_sid=6136e7
#bgm,/explore/tags/bgm/,/mr_efx_studio/,2023-03-12T15:48:47.000Z,https://instagram.flko11-1.fna.fbcdn.net/v/t51.2885-19/321184508_550622126998374_7413796976093389746_n.jpg?stp=dst-jpg_s150x150&_nc_ht=instagram.flko11-1.fna.fbcdn.net&_nc_cat=1&_nc_ohc=DE4I_eb7xzYAX-ExtCE&edm=ABmJApABAAAA&ccb=7-5&oh=00_AfDDT0dFU4K3Mz4WY2-gVGxt9QAq6vZ1qycXGXqX_gIUpA&oe=6419826D&_nc_sid=6136e7
#birthday,/explore/tags/birthday/,/mr_efx_studio/,2023-03-12T15:48:47.000Z,https://instagram.flko11-1.fna.fbcdn.net/v/t51.2885-19/321184508_550622126998374_7413796976093389746_n.jpg?stp=dst-jpg_s150x150&_nc_ht=instagram.flko11-1.fna.fbcdn.net&_nc_cat=1&_nc_ohc=DE4I_eb7xzYAX-ExtCE&edm=ABmJApABAAAA&ccb=7-5&oh=00_AfDDT0dFU4K3Mz4WY2-gVGxt9QAq6vZ1qycXGXqX_gIUpA&oe=6419826D&_nc_sid=6136e7
#bollywood,/explore/tags/bollywood/,/abdu_rozik/,2023-03-13T11:44:01.000Z,https://instagram.flko11-1.fna.fbcdn.net/v/t51.2885-19/274803754_282152990707210_4834547367966503480_n.jpg?stp=dst-jpg_s150x150&_nc_ht=instagram.flko11-1.fna.fbcdn.net&_nc_cat=1&_nc_ohc=bS4C0jfwK44AX8UmcQ9&edm=ABmJApABAAAA&ccb=7-5&oh=00_AfBHfKthVDysUq-HxictFMWmCZl9_TBfjK9KIJpAl-LtyQ&oe=641B1CA6&_nc_sid=6136e7
#cute,/explore/tags/cute/,/mr_efx_studio/,2023-03-12T15:48:47.000Z,https://instagram.flko11-1.fna.fbcdn.net/v/t51.2885-19/321184508_550622126998374_7413796976093389746_n.jpg?stp=dst-jpg_s150x150&_nc_ht=instagram.flko11-1.fna.fbcdn.net&_nc_cat=1&_nc_ohc=DE4I_eb7xzYAX-ExtCE&edm=ABmJApABAAAA&ccb=7-5&oh=00_AfDDT0dFU4K3Mz4WY2-gVGxt9QAq6vZ1qycXGXqX_gIUpA&oe=6419826D&_nc_sid=6136e7
#cutebaby,/explore/tags/cutebaby/,/mr_efx_studio/,2023-03-12T15:48:47.000Z,https://instagram.flko11-1.fna.fbcdn.net/v/t51.2885-19/321184508_550622126998374_7413796976093389746_n.jpg?stp=dst-jpg_s150x150&_nc_ht=instagram.flko11-1.fna.fbcdn.net&_nc_cat=1&_nc_ohc=DE4I_eb7xzYAX-ExtCE&edm=ABmJApABAAAA&ccb=7-5&oh=00_AfDDT0dFU4K3Mz4WY2-gVGxt9QAq6vZ1qycXGXqX_gIUpA&oe=6419826D&_nc_sid=6136e7
#cutegirlsüòò,/explore/tags/cutegirls%F0%9F%98%98/,/mr_efx_studio/,2023-03-12T15:48:47.000Z,https://instagram.flko11-1.fna.fbcdn.net/v/t51.2885-19/321184508_550622126998374_7413796976093389746_n.jpg?stp=dst-jpg_s150x150&_nc_ht=instagram.flko11-1.fna.fbcdn.net&_nc_cat=1&_nc_ohc=DE4I_eb7xzYAX-ExtCE&edm=ABmJApABAAAA&ccb=7-5&oh=00_AfDDT0dFU4K3Mz4WY2-gVGxt9QAq6vZ1qycXGXqX_gIUpA&oe=6419826D&_nc_sid=6136e7
#delhi,/explore/tags/delhi/,/abdu_rozik/,2023-03-13T11:44:01.000Z,https://instagram.flko11-1.fna.fbcdn.net/v/t51.2885-19/274803754_282152990707210_4834547367966503480_n.jpg?stp=dst-jpg_s150x150&_nc_ht=instagram.flko11-1.fna.fbcdn.net&_nc_cat=1&_nc_ohc=bS4C0jfwK44AX8UmcQ9&edm=ABmJApABAAAA&ccb=7-5&oh=00_AfBHfKthVDysUq-HxictFMWmCZl9_TBfjK9KIJpAl-LtyQ&oe=641B1CA6&_nc_sid=6136e7
#dubai,/explore/tags/dubai/,/abdu_rozik/,2023-03-13T11:44:01.000Z,https://instagram.flko11-1.fna.fbcdn.net/v/t51.2885-19/274803754_282152990707210_4834547367966503480_n.jpg?stp=dst-jpg_s150x150&_nc_ht=instagram.flko11-1.fna.fbcdn.net&_nc_cat=1&_nc_ohc=bS4C0jfwK44AX8UmcQ9&edm=ABmJApABAAAA&ccb=7-5&oh=00_AfBHfKthVDysUq-HxictFMWmCZl9_TBfjK9KIJpAl-LtyQ&oe=641B1CA6&_nc_sid=6136e7
#filmycook,/explore/tags/filmycook/,/filmycook/,2023-03-12T06:35:21.000Z,https://instagram.flko11-1.fna.fbcdn.net/v/t51.2885-19/262570051_3856128037823218_6074020491866994774_n.jpg?stp=dst-jpg_s150x150&_nc_ht=instagram.flko11-1.fna.fbcdn.net&_nc_cat=1&_nc_ohc=e1lghldb7I0AX80twR0&edm=ABmJApABAAAA&ccb=7-5&oh=00_AfCx18QESyhBE4IjaFmyEHH2EUNl5zQumVU-rQQS8dq2Uw&oe=641ADB8D&_nc_sid=6136e7
#forever,/explore/tags/forever/,/suhassssssss/,2023-03-12T07:57:19.000Z,https://instagram.flko11-1.fna.fbcdn.net/v/t51.2885-19/292409609_3291930721131731_2006177032072039986_n.jpg?stp=dst-jpg_s150x150&_nc_ht=instagram.flko11-1.fna.fbcdn.net&_nc_cat=1&_nc_ohc=m0uqZ1CWpisAX87b6xD&edm=ABmJApABAAAA&ccb=7-5&oh=00_AfA9yK59AdmTDwozRozkk8BUX9S61VkP-6pFee7cNSV7HQ&oe=6419860C&_nc_sid=6136e7
#funnyvideos,/explore/tags/funnyvideos/,/mr_efx_studio/,2023-03-12T15:48:47.000Z,https://instagram.flko11-1.fna.fbcdn.net/v/t51.2885-19/321184508_550622126998374_7413796976093389746_n.jpg?stp=dst-jpg_s150x150&_nc_ht=instagram.flko11-1.fna.fbcdn.net&_nc_cat=1&_nc_ohc=DE4I_eb7xzYAX-ExtCE&edm=ABmJApABAAAA&ccb=7-5&oh=00_AfDDT0dFU4K3Mz4WY2-gVGxt9QAq6vZ1qycXGXqX_gIUpA&oe=6419826D&_nc_sid=6136e7
#girl,/explore/tags/girl/,/mr_efx_studio/,2023-03-12T15:48:47.000Z,https://instagram.flko11-1.fna.fbcdn.net/v/t51.2885-19/321184508_550622126998374_7413796976093389746_n.jpg?stp=dst-jpg_s150x150&_nc_ht=instagram.flko11-1.fna.fbcdn.net&_nc_cat=1&_nc_ohc=DE4I_eb7xzYAX-ExtCE&edm=ABmJApABAAAA&ccb=7-5&oh=00_AfDDT0dFU4K3Mz4WY2-gVGxt9QAq6vZ1qycXGXqX_gIUpA&oe=6419826D&_nc_sid=6136e7
#iloveyou,/explore/tags/iloveyou/,/mr_efx_studio/,2023-03-12T15:48:47.000Z,https://instagram.flko11-1.fna.fbcdn.net/v/t51.2885-19/321184508_550622126998374_7413796976093389746_n.jpg?stp=dst-jpg_s150x150&_nc_ht=instagram.flko11-1.fna.fbcdn.net&_nc_cat=1&_nc_ohc=DE4I_eb7xzYAX-ExtCE&edm=ABmJApABAAAA&ccb=7-5&oh=00_AfDDT0dFU4K3Mz4WY2-gVGxt9QAq6vZ1qycXGXqX_gIUpA&oe=6419826D&_nc_sid=6136e7
#india,/explore/tags/india/,/abdu_rozik/,2023-03-13T11:44:01.000Z,https://instagram.flko11-1.fna.fbcdn.net/v/t51.2885-19/274803754_282152990707210_4834547367966503480_n.jpg?stp=dst-jpg_s150x150&_nc_ht=instagram.flko11-1.fna.fbcdn.net&_nc_cat=1&_nc_ohc=bS4C0jfwK44AX8UmcQ9&edm=ABmJApABAAAA&ccb=7-5&oh=00_AfBHfKthVDysUq-HxictFMWmCZl9_TBfjK9KIJpAl-LtyQ&oe=641B1CA6&_nc_sid=6136e7
#instagram,/explore/tags/instagram/,/rimm_29/,2023-01-09T12:47:55.000Z,https://instagram.flko11-1.fna.fbcdn.net/v/t51.2885-19/332871027_932214534860381_841587778005346303_n.jpg?stp=dst-jpg_s150x150&_nc_ht=instagram.flko11-1.fna.fbcdn.net&_nc_cat=105&_nc_ohc=76hrrGXVGQ8AX_kx_-Q&edm=ABmJApABAAAA&ccb=7-5&oh=00_AfBBuHDmRnuKydv4yH3XDF9QxLLwZ7WjRuCui5vOjxkfmQ&oe=6419F861&_nc_sid=6136e7
#instapost,/explore/tags/instapost/,/rimm_29/,2023-01-09T12:47:55.000Z,https://instagram.flko11-1.fna.fbcdn.net/v/t51.2885-19/332871027_932214534860381_841587778005346303_n.jpg?stp=dst-jpg_s150x150&_nc_ht=instagram.flko11-1.fna.fbcdn.net&_nc_cat=105&_nc_ohc=76hrrGXVGQ8AX_kx_-Q&edm=ABmJApABAAAA&ccb=7-5&oh=00_AfBBuHDmRnuKydv4yH3XDF9QxLLwZ7WjRuCui5vOjxkfmQ&oe=6419F861&_nc_sid=6136e7
#jasminbhasin,/explore/tags/jasminbhasin/,/filmycook/,2023-03-12T06:35:21.000Z,https://instagram.flko11-1.fna.fbcdn.net/v/t51.2885-19/262570051_3856128037823218_6074020491866994774_n.jpg?stp=dst-jpg_s150x150&_nc_ht=instagram.flko11-1.fna.fbcdn.net&_nc_cat=1&_nc_ohc=e1lghldb7I0AX80twR0&edm=ABmJApABAAAA&ccb=7-5&oh=00_AfCx18QESyhBE4IjaFmyEHH2EUNl5zQumVU-rQQS8dq2Uw&oe=641ADB8D&_nc_sid=6136e7
#karnataka,/explore/tags/karnataka/,/abdu_rozik/,2023-03-13T11:44:01.000Z,https://instagram.flko11-1.fna.fbcdn.net/v/t51.2885-19/274803754_282152990707210_4834547367966503480_n.jpg?stp=dst-jpg_s150x150&_nc_ht=instagram.flko11-1.fna.fbcdn.net&_nc_cat=1&_nc_ohc=bS4C0jfwK44AX8UmcQ9&edm=ABmJApABAAAA&ccb=7-5&oh=00_AfBHfKthVDysUq-HxictFMWmCZl9_TBfjK9KIJpAl-LtyQ&oe=641B1CA6&_nc_sid=6136e7
#kerala,/explore/tags/kerala/,/mr_efx_studio/,2023-03-12T15:48:47.000Z,https://instagram.flko11-1.fna.fbcdn.net/v/t51.2885-19/321184508_550622126998374_7413796976093389746_n.jpg?stp=dst-jpg_s150x150&_nc_ht=instagram.flko11-1.fna.fbcdn.net&_nc_cat=1&_nc_ohc=DE4I_eb7xzYAX-ExtCE&edm=ABmJApABAAAA&ccb=7-5&oh=00_AfDDT0dFU4K3Mz4WY2-gVGxt9QAq6vZ1qycXGXqX_gIUpA&oe=6419826D&_nc_sid=6136e7
#kollywood,/explore/tags/kollywood/,/mr_efx_studio/,2023-03-12T15:48:47.000Z,https://instagram.flko11-1.fna.fbcdn.net/v/t51.2885-19/321184508_550622126998374_7413796976093389746_n.jpg?stp=dst-jpg_s150x150&_nc_ht=instagram.flko11-1.fna.fbcdn.net&_nc_cat=1&_nc_ohc=DE4I_eb7xzYAX-ExtCE&edm=ABmJApABAAAA&ccb=7-5&oh=00_AfDDT0dFU4K3Mz4WY2-gVGxt9QAq6vZ1qycXGXqX_gIUpA&oe=6419826D&_nc_sid=6136e7
#krishnamukherjee,/explore/tags/krishnamukherjee/,/filmycook/,2023-03-12T06:35:21.000Z,https://instagram.flko11-1.fna.fbcdn.net/v/t51.2885-19/262570051_3856128037823218_6074020491866994774_n.jpg?stp=dst-jpg_s150x150&_nc_ht=instagram.flko11-1.fna.fbcdn.net&_nc_cat=1&_nc_ohc=e1lghldb7I0AX80twR0&edm=ABmJApABAAAA&ccb=7-5&oh=00_AfCx18QESyhBE4IjaFmyEHH2EUNl5zQumVU-rQQS8dq2Uw&oe=641ADB8D&_nc_sid=6136e7
#love,/explore/tags/love/,/mr_efx_studio/,2023-03-12T15:48:47.000Z,https://instagram.flko11-1.fna.fbcdn.net/v/t51.2885-19/321184508_550622126998374_7413796976093389746_n.jpg?stp=dst-jpg_s150x150&_nc_ht=instagram.flko11-1.fna.fbcdn.net&_nc_cat=1&_nc_ohc=DE4I_eb7xzYAX-ExtCE&edm=ABmJApABAAAA&ccb=7-5&oh=00_AfDDT0dFU4K3Mz4WY2-gVGxt9QAq6vZ1qycXGXqX_gIUpA&oe=6419826D&_nc_sid=6136e7
#lovecouples,/explore/tags/lovecouples/,/mr_efx_studio/,2023-03-12T15:48:47.000Z,https://instagram.flko11-1.fna.fbcdn.net/v/t51.2885-19/321184508_550622126998374_7413796976093389746_n.jpg?stp=dst-jpg_s150x150&_nc_ht=instagram.flko11-1.fna.fbcdn.net&_nc_cat=1&_nc_ohc=DE4I_eb7xzYAX-ExtCE&edm=ABmJApABAAAA&ccb=7-5&oh=00_AfDDT0dFU4K3Mz4WY2-gVGxt9QAq6vZ1qycXGXqX_gIUpA&oe=6419826D&_nc_sid=6136e7
#loveislove,/explore/tags/loveislove/,/mr_efx_studio/,2023-03-12T15:48:47.000Z,https://instagram.flko11-1.fna.fbcdn.net/v/t51.2885-19/321184508_550622126998374_7413796976093389746_n.jpg?stp=dst-jpg_s150x150&_nc_ht=instagram.flko11-1.fna.fbcdn.net&_nc_cat=1&_nc_ohc=DE4I_eb7xzYAX-ExtCE&edm=ABmJApABAAAA&ccb=7-5&oh=00_AfDDT0dFU4K3Mz4WY2-gVGxt9QAq6vZ1qycXGXqX_gIUpA&oe=6419826D&_nc_sid=6136e7
#lovequotes,/explore/tags/lovequotes/,/mr_efx_studio/,2023-03-12T15:48:47.000Z,https://instagram.flko11-1.fna.fbcdn.net/v/t51.2885-19/321184508_550622126998374_7413796976093389746_n.jpg?stp=dst-jpg_s150x150&_nc_ht=instagram.flko11-1.fna.fbcdn.net&_nc_cat=1&_nc_ohc=DE4I_eb7xzYAX-ExtCE&edm=ABmJApABAAAA&ccb=7-5&oh=00_AfDDT0dFU4K3Mz4WY2-gVGxt9QAq6vZ1qycXGXqX_gIUpA&oe=6419826D&_nc_sid=6136e7
#lovestatus,/explore/tags/lovestatus/,/mr_efx_studio/,2023-03-12T15:48:47.000Z,https://instagram.flko11-1.fna.fbcdn.net/v/t51.2885-19/321184508_550622126998374_7413796976093389746_n.jpg?stp=dst-jpg_s150x150&_nc_ht=instagram.flko11-1.fna.fbcdn.net&_nc_cat=1&_nc_ohc=DE4I_eb7xzYAX-ExtCE&edm=ABmJApABAAAA&ccb=7-5&oh=00_AfDDT0dFU4K3Mz4WY2-gVGxt9QAq6vZ1qycXGXqX_gIUpA&oe=6419826D&_nc_sid=6136e7
#loveyou,/explore/tags/loveyou/,/mr_efx_studio/,2023-03-12T15:48:47.000Z,https://instagram.flko11-1.fna.fbcdn.net/v/t51.2885-19/321184508_550622126998374_7413796976093389746_n.jpg?stp=dst-jpg_s150x150&_nc_ht=instagram.flko11-1.fna.fbcdn.net&_nc_cat=1&_nc_ohc=DE4I_eb7xzYAX-ExtCE&edm=ABmJApABAAAA&ccb=7-5&oh=00_AfDDT0dFU4K3Mz4WY2-gVGxt9QAq6vZ1qycXGXqX_gIUpA&oe=6419826D&_nc_sid=6136e7
#loveyourself,/explore/tags/loveyourself/,/mr_efx_studio/,2023-03-12T15:48:47.000Z,https://instagram.flko11-1.fna.fbcdn.net/v/t51.2885-19/321184508_550622126998374_7413796976093389746_n.jpg?stp=dst-jpg_s150x150&_nc_ht=instagram.flko11-1.fna.fbcdn.net&_nc_cat=1&_nc_ohc=DE4I_eb7xzYAX-ExtCE&edm=ABmJApABAAAA&ccb=7-5&oh=00_AfDDT0dFU4K3Mz4WY2-gVGxt9QAq6vZ1qycXGXqX_gIUpA&oe=6419826D&_nc_sid=6136e7
#mr_efx_studio,/explore/tags/mr_efx_studio/,/mr_efx_studio/,2023-03-12T15:48:47.000Z,https://instagram.flko11-1.fna.fbcdn.net/v/t51.2885-19/321184508_550622126998374_7413796976093389746_n.jpg?stp=dst-jpg_s150x150&_nc_ht=instagram.flko11-1.fna.fbcdn.net&_nc_cat=1&_nc_ohc=DE4I_eb7xzYAX-ExtCE&edm=ABmJApABAAAA&ccb=7-5&oh=00_AfDDT0dFU4K3Mz4WY2-gVGxt9QAq6vZ1qycXGXqX_gIUpA&oe=6419826D&_nc_sid=6136e7
#onesidelove,/explore/tags/onesidelove/,/mr_efx_studio/,2023-03-12T15:48:47.000Z,https://instagram.flko11-1.fna.fbcdn.net/v/t51.2885-19/321184508_550622126998374_7413796976093389746_n.jpg?stp=dst-jpg_s150x150&_nc_ht=instagram.flko11-1.fna.fbcdn.net&_nc_cat=1&_nc_ohc=DE4I_eb7xzYAX-ExtCE&edm=ABmJApABAAAA&ccb=7-5&oh=00_AfDDT0dFU4K3Mz4WY2-gVGxt9QAq6vZ1qycXGXqX_gIUpA&oe=6419826D&_nc_sid=6136e7
#postoftheday,/explore/tags/postoftheday/,/rimm_29/,2023-01-09T12:47:55.000Z,https://instagram.flko11-1.fna.fbcdn.net/v/t51.2885-19/332871027_932214534860381_841587778005346303_n.jpg?stp=dst-jpg_s150x150&_nc_ht=instagram.flko11-1.fna.fbcdn.net&_nc_cat=105&_nc_ohc=76hrrGXVGQ8AX_kx_-Q&edm=ABmJApABAAAA&ccb=7-5&oh=00_AfBBuHDmRnuKydv4yH3XDF9QxLLwZ7WjRuCui5vOjxkfmQ&oe=6419F861&_nc_sid=6136e7
#quotes,/explore/tags/quotes/,/mr_efx_studio/,2023-03-12T15:48:47.000Z,https://instagram.flko11-1.fna.fbcdn.net/v/t51.2885-19/321184508_550622126998374_7413796976093389746_n.jpg?stp=dst-jpg_s150x150&_nc_ht=instagram.flko11-1.fna.fbcdn.net&_nc_cat=1&_nc_ohc=DE4I_eb7xzYAX-ExtCE&edm=ABmJApABAAAA&ccb=7-5&oh=00_AfDDT0dFU4K3Mz4WY2-gVGxt9QAq6vZ1qycXGXqX_gIUpA&oe=6419826D&_nc_sid=6136e7
#singer,/explore/tags/singer/,/abdu_rozik/,2023-03-13T11:44:01.000Z,https://instagram.flko11-1.fna.fbcdn.net/v/t51.2885-19/274803754_282152990707210_4834547367966503480_n.jpg?stp=dst-jpg_s150x150&_nc_ht=instagram.flko11-1.fna.fbcdn.net&_nc_cat=1&_nc_ohc=bS4C0jfwK44AX8UmcQ9&edm=ABmJApABAAAA&ccb=7-5&oh=00_AfBHfKthVDysUq-HxictFMWmCZl9_TBfjK9KIJpAl-LtyQ&oe=641B1CA6&_nc_sid=6136e7
#studio,/explore/tags/studio/,/mr_efx_studio/,2023-03-12T15:48:47.000Z,https://instagram.flko11-1.fna.fbcdn.net/v/t51.2885-19/321184508_550622126998374_7413796976093389746_n.jpg?stp=dst-jpg_s150x150&_nc_ht=instagram.flko11-1.fna.fbcdn.net&_nc_cat=1&_nc_ohc=DE4I_eb7xzYAX-ExtCE&edm=ABmJApABAAAA&ccb=7-5&oh=00_AfDDT0dFU4K3Mz4WY2-gVGxt9QAq6vZ1qycXGXqX_gIUpA&oe=6419826D&_nc_sid=6136e7
#tajikistan,/explore/tags/tajikistan/,/abdu_rozik/,2023-03-13T11:44:01.000Z,https://instagram.flko11-1.fna.fbcdn.net/v/t51.2885-19/274803754_282152990707210_4834547367966503480_n.jpg?stp=dst-jpg_s150x150&_nc_ht=instagram.flko11-1.fna.fbcdn.net&_nc_cat=1&_nc_ohc=bS4C0jfwK44AX8UmcQ9&edm=ABmJApABAAAA&ccb=7-5&oh=00_AfBHfKthVDysUq-HxictFMWmCZl9_TBfjK9KIJpAl-LtyQ&oe=641B1CA6&_nc_sid=6136e7
#tamil,/explore/tags/tamil/,/mr_efx_studio/,2023-03-12T15:48:47.000Z,https://instagram.flko11-1.fna.fbcdn.net/v/t51.2885-19/321184508_550622126998374_7413796976093389746_n.jpg?stp=dst-jpg_s150x150&_nc_ht=instagram.flko11-1.fna.fbcdn.net&_nc_cat=1&_nc_ohc=DE4I_eb7xzYAX-ExtCE&edm=ABmJApABAAAA&ccb=7-5&oh=00_AfDDT0dFU4K3Mz4WY2-gVGxt9QAq6vZ1qycXGXqX_gIUpA&oe=6419826D&_nc_sid=6136e7
#tamilcinema,/explore/tags/tamilcinema/,/mr_efx_studio/,2023-03-12T15:48:47.000Z,https://instagram.flko11-1.fna.fbcdn.net/v/t51.2885-19/321184508_550622126998374_7413796976093389746_n.jpg?stp=dst-jpg_s150x150&_nc_ht=instagram.flko11-1.fna.fbcdn.net&_nc_cat=1&_nc_ohc=DE4I_eb7xzYAX-ExtCE&edm=ABmJApABAAAA&ccb=7-5&oh=00_AfDDT0dFU4K3Mz4WY2-gVGxt9QAq6vZ1qycXGXqX_gIUpA&oe=6419826D&_nc_sid=6136e7
#tamilmemes,/explore/tags/tamilmemes/,/mr_efx_studio/,2023-03-12T15:48:47.000Z,https://instagram.flko11-1.fna.fbcdn.net/v/t51.2885-19/321184508_550622126998374_7413796976093389746_n.jpg?stp=dst-jpg_s150x150&_nc_ht=instagram.flko11-1.fna.fbcdn.net&_nc_cat=1&_nc_ohc=DE4I_eb7xzYAX-ExtCE&edm=ABmJApABAAAA&ccb=7-5&oh=00_AfDDT0dFU4K3Mz4WY2-gVGxt9QAq6vZ1qycXGXqX_gIUpA&oe=6419826D&_nc_sid=6136e7
#tamilsongs,/explore/tags/tamilsongs/,/mr_efx_studio/,2023-03-12T15:48:47.000Z,https://instagram.flko11-1.fna.fbcdn.net/v/t51.2885-19/321184508_550622126998374_7413796976093389746_n.jpg?stp=dst-jpg_s150x150&_nc_ht=instagram.flko11-1.fna.fbcdn.net&_nc_cat=1&_nc_ohc=DE4I_eb7xzYAX-ExtCE&edm=ABmJApABAAAA&ccb=7-5&oh=00_AfDDT0dFU4K3Mz4WY2-gVGxt9QAq6vZ1qycXGXqX_gIUpA&oe=6419826D&_nc_sid=6136e7
#tamilstatus,/explore/tags/tamilstatus/,/mr_efx_studio/,2023-03-12T15:48:47.000Z,https://instagram.flko11-1.fna.fbcdn.net/v/t51.2885-19/321184508_550622126998374_7413796976093389746_n.jpg?stp=dst-jpg_s150x150&_nc_ht=instagram.flko11-1.fna.fbcdn.net&_nc_cat=1&_nc_ohc=DE4I_eb7xzYAX-ExtCE&edm=ABmJApABAAAA&ccb=7-5&oh=00_AfDDT0dFU4K3Mz4WY2-gVGxt9QAq6vZ1qycXGXqX_gIUpA&oe=6419826D&_nc_sid=6136e7
#trending,/explore/tags/trending/,/rimm_29/,2023-01-09T12:47:55.000Z,https://instagram.flko11-1.fna.fbcdn.net/v/t51.2885-19/332871027_932214534860381_841587778005346303_n.jpg?stp=dst-jpg_s150x150&_nc_ht=instagram.flko11-1.fna.fbcdn.net&_nc_cat=105&_nc_ohc=76hrrGXVGQ8AX_kx_-Q&edm=ABmJApABAAAA&ccb=7-5&oh=00_AfBBuHDmRnuKydv4yH3XDF9QxLLwZ7WjRuCui5vOjxkfmQ&oe=6419F861&_nc_sid=6136e7
#uae,/explore/tags/uae/,/abdu_rozik/,2023-03-13T11:44:01.000Z,https://instagram.flko11-1.fna.fbcdn.net/v/t51.2885-19/274803754_282152990707210_4834547367966503480_n.jpg?stp=dst-jpg_s150x150&_nc_ht=instagram.flko11-1.fna.fbcdn.net&_nc_cat=1&_nc_ohc=bS4C0jfwK44AX8UmcQ9&edm=ABmJApABAAAA&ccb=7-5&oh=00_AfBHfKthVDysUq-HxictFMWmCZl9_TBfjK9KIJpAl-LtyQ&oe=641B1CA6&_nc_sid=6136e7
#vintage,/explore/tags/vintage/,/mr_efx_studio/,2023-03-12T15:48:47.000Z,https://instagram.flko11-1.fna.fbcdn.net/v/t51.2885-19/321184508_550622126998374_7413796976093389746_n.jpg?stp=dst-jpg_s150x150&_nc_ht=instagram.flko11-1.fna.fbcdn.net&_nc_cat=1&_nc_ohc=DE4I_eb7xzYAX-ExtCE&edm=ABmJApABAAAA&ccb=7-5&oh=00_AfDDT0dFU4K3Mz4WY2-gVGxt9QAq6vZ1qycXGXqX_gIUpA&oe=6419826D&_nc_sid=6136e7
tag,link,page,date,img
#NaatuNaatuForOscars,/explore/tags/naatunaatuforoscars/,/telugufilmnagar/,2023-03-13T01:22:01.000Z,https://instagram.flko11-1.fna.fbcdn.net/v/t51.2885-19/279767516_1048398736058896_1810293933231140025_n.jpg?stp=dst-jpg_s150x150&_nc_ht=instagram.flko11-1.fna.fbcdn.net&_nc_cat=1&_nc_ohc=U8QrEuXSTc4AX-kztCC&edm=ABmJApABAAAA&ccb=7-5&oh=00_AfA2ZcM0LFD8wvOO5JClkHue0mSzAaq7kXJcmDiozW1C3g&oe=641A26E6&_nc_sid=6136e7
#Oscars,/explore/tags/oscars/,/telugufilmnagar/,2023-03-13T01:22:01.000Z,https://instagram.flko11-1.fna.fbcdn.net/v/t51.2885-19/279767516_1048398736058896_1810293933231140025_n.jpg?stp=dst-jpg_s150x150&_nc_ht=instagram.flko11-1.fna.fbcdn.net&_nc_cat=1&_nc_ohc=U8QrEuXSTc4AX-kztCC&edm=ABmJApABAAAA&ccb=7-5&oh=00_AfA2ZcM0LFD8wvOO5JClkHue0mSzAaq7kXJcmDiozW1C3g&oe=641A26E6&_nc_sid=6136e7
#Oscars95,/explore/tags/oscars95/,/telugufilmnagar/,2023-03-13T01:22:01.000Z,https://instagram.flko11-1.fna.fbcdn.net/v/t51.2885-19/279767516_1048398736058896_1810293933231140025_n.jpg?stp=dst-jpg_s150x150&_nc_ht=instagram.flko11-1.fna.fbcdn.net&_nc_cat=1&_nc_ohc=U8QrEuXSTc4AX-kztCC&edm=ABmJApABAAAA&ccb=7-5&oh=00_AfA2ZcM0LFD8wvOO5JClkHue0mSzAaq7kXJcmDiozW1C3g&oe=641A26E6&_nc_sid=6136e7
#RRRForOscars,/explore/tags/rrrforoscars/,/telugufilmnagar/,2023-03-13T01:22:01.000Z,https://instagram.flko11-1.fna.fbcdn.net/v/t51.2885-19/279767516_1048398736058896_1810293933231140025_n.jpg?stp=dst-jpg_s150x150&_nc_ht=instagram.flko11-1.fna.fbcdn.net&_nc_cat=1&_nc_ohc=U8QrEuXSTc4AX-kztCC&edm=ABmJApABAAAA&ccb=7-5&oh=00_AfA2ZcM0LFD8wvOO5JClkHue0mSzAaq7kXJcmDiozW1C3g&oe=641A26E6&_nc_sid=6136e7
#RamCharan,/explore/tags/ramcharan/,/telugufilmnagar/,2023-03-13T01:22:01.000Z,https://instagram.flko11-1.fna.fbcdn.net/v/t51.2885-19/279767516_1048398736058896_1810293933231140025_n.jpg?stp=dst-jpg_s150x150&_nc_ht=instagram.flko11-1.fna.fbcdn.net&_nc_cat=1&_nc_ohc=U8QrEuXSTc4AX-kztCC&edm=ABmJApABAAAA&ccb=7-5&oh=00_AfA2ZcM0LFD8wvOO5JClkHue0mSzAaq7kXJcmDiozW1C3g&oe=641A26E6&_nc_sid=6136e7
#TeluguFilmNagar,/explore/tags/telugufilmnagar/,/telugufilmnagar/,2023-03-13T01:22:01.000Z,https://instagram.flko11-1.fna.fbcdn.net/v/t51.2885-19/279767516_1048398736058896_1810293933231140025_n.jpg?stp=dst-jpg_s150x150&_nc_ht=instagram.flko11-1.fna.fbcdn.net&_nc_cat=1&_nc_ohc=U8QrEuXSTc4AX-kztCC&edm=ABmJApABAAAA&ccb=7-5&oh=00_AfA2ZcM0LFD8wvOO5JClkHue0mSzAaq7kXJcmDiozW1C3g&oe=641A26E6&_nc_sid=6136e7
#Upasana,/explore/tags/upasana/,/telugufilmnagar/,2023-03-13T01:22:01.000Z,https://instagram.flko11-1.fna.fbcdn.net/v/t51.2885-19/279767516_1048398736058896_1810293933231140025_n.jpg?stp=dst-jpg_s150x150&_nc_ht=instagram.flko11-1.fna.fbcdn.net&_nc_cat=1&_nc_ohc=U8QrEuXSTc4AX-kztCC&edm=ABmJApABAAAA&ccb=7-5&oh=00_AfA2ZcM0LFD8wvOO5JClkHue0mSzAaq7kXJcmDiozW1C3g&oe=641A26E6&_nc_sid=6136e7
#actresslife,/explore/tags/actresslife/,/viralentalks/,2023-03-12T06:04:12.000Z,https://instagram.flko11-1.fna.fbcdn.net/v/t51.2885-19/200621858_515948726268521_7509316850958769319_n.jpg?stp=dst-jpg_s150x150&_nc_ht=instagram.flko11-1.fna.fbcdn.net&_nc_cat=1&_nc_ohc=X_rN8QY9QiUAX9ZTc1h&edm=ABmJApABAAAA&ccb=7-5&oh=00_AfCLTx13pm3aQnTZ9Yz5nQFqiYA5R_o0APMkLvWBJus8Zw&oe=641B348A&_nc_sid=6136e7
#aliabhatt,/explore/tags/aliabhatt/,/koimoi/,2023-03-13T06:09:53.000Z,https://instagram.flko11-1.fna.fbcdn.net/v/t51.2885-19/18299645_171812276678099_3872869081359056896_a.jpg?_nc_ht=instagram.flko11-1.fna.fbcdn.net&_nc_cat=1&_nc_ohc=PzaaDuvB76EAX960jvW&edm=ABmJApABAAAA&ccb=7-5&oh=00_AfAvJATPAU1JcpEmBwnAjn91OdpCbam9LfsKcVHc5L8VGQ&oe=641AA1BA&_nc_sid=6136e7
#bollywood,/explore/tags/bollywood/,/viralentalks/,2023-03-12T06:04:12.000Z,https://instagram.flko11-1.fna.fbcdn.net/v/t51.2885-19/200621858_515948726268521_7509316850958769319_n.jpg?stp=dst-jpg_s150x150&_nc_ht=instagram.flko11-1.fna.fbcdn.net&_nc_cat=1&_nc_ohc=X_rN8QY9QiUAX9ZTc1h&edm=ABmJApABAAAA&ccb=7-5&oh=00_AfCLTx13pm3aQnTZ9Yz5nQFqiYA5R_o0APMkLvWBJus8Zw&oe=641B348A&_nc_sid=6136e7
#bollywoodactress,/explore/tags/bollywoodactress/,/viralentalks/,2023-03-12T06:04:12.000Z,https://instagram.flko11-1.fna.fbcdn.net/v/t51.2885-19/200621858_515948726268521_7509316850958769319_n.jpg?stp=dst-jpg_s150x150&_nc_ht=instagram.flko11-1.fna.fbcdn.net&_nc_cat=1&_nc_ohc=X_rN8QY9QiUAX9ZTc1h&edm=ABmJApABAAAA&ccb=7-5&oh=00_AfCLTx13pm3aQnTZ9Yz5nQFqiYA5R_o0APMkLvWBJus8Zw&oe=641B348A&_nc_sid=6136e7
#bollywoodnews,/explore/tags/bollywoodnews/,/viralentalks/,2023-03-12T06:04:12.000Z,https://instagram.flko11-1.fna.fbcdn.net/v/t51.2885-19/200621858_515948726268521_7509316850958769319_n.jpg?stp=dst-jpg_s150x150&_nc_ht=instagram.flko11-1.fna.fbcdn.net&_nc_cat=1&_nc_ohc=X_rN8QY9QiUAX9ZTc1h&edm=ABmJApABAAAA&ccb=7-5&oh=00_AfCLTx13pm3aQnTZ9Yz5nQFqiYA5R_o0APMkLvWBJus8Zw&oe=641B348A&_nc_sid=6136e7
#bollywoodupdates,/explore/tags/bollywoodupdates/,/viralentalks/,2023-03-12T06:04:12.000Z,https://instagram.flko11-1.fna.fbcdn.net/v/t51.2885-19/200621858_515948726268521_7509316850958769319_n.jpg?stp=dst-jpg_s150x150&_nc_ht=instagram.flko11-1.fna.fbcdn.net&_nc_cat=1&_nc_ohc=X_rN8QY9QiUAX9ZTc1h&edm=ABmJApABAAAA&ccb=7-5&oh=00_AfCLTx13pm3aQnTZ9Yz5nQFqiYA5R_o0APMkLvWBJus8Zw&oe=641B348A&_nc_sid=6136e7
#bossbabe,/explore/tags/bossbabe/,/koimoi/,2023-03-13T06:09:53.000Z,https://instagram.flko11-1.fna.fbcdn.net/v/t51.2885-19/18299645_171812276678099_3872869081359056896_a.jpg?_nc_ht=instagram.flko11-1.fna.fbcdn.net&_nc_cat=1&_nc_ohc=PzaaDuvB76EAX960jvW&edm=ABmJApABAAAA&ccb=7-5&oh=00_AfAvJATPAU1JcpEmBwnAjn91OdpCbam9LfsKcVHc5L8VGQ&oe=641AA1BA&_nc_sid=6136e7
#bosslady,/explore/tags/bosslady/,/koimoi/,2023-03-13T06:09:53.000Z,https://instagram.flko11-1.fna.fbcdn.net/v/t51.2885-19/18299645_171812276678099_3872869081359056896_a.jpg?_nc_ht=instagram.flko11-1.fna.fbcdn.net&_nc_cat=1&_nc_ohc=PzaaDuvB76EAX960jvW&edm=ABmJApABAAAA&ccb=7-5&oh=00_AfAvJATPAU1JcpEmBwnAjn91OdpCbam9LfsKcVHc5L8VGQ&oe=641AA1BA&_nc_sid=6136e7
#boutique,/explore/tags/boutique/,/koimoi/,2023-03-13T06:09:53.000Z,https://instagram.flko11-1.fna.fbcdn.net/v/t51.2885-19/18299645_171812276678099_3872869081359056896_a.jpg?_nc_ht=instagram.flko11-1.fna.fbcdn.net&_nc_cat=1&_nc_ohc=PzaaDuvB76EAX960jvW&edm=ABmJApABAAAA&ccb=7-5&oh=00_AfAvJATPAU1JcpEmBwnAjn91OdpCbam9LfsKcVHc5L8VGQ&oe=641AA1BA&_nc_sid=6136e7
#celebrity,/explore/tags/celebrity/,/viralentalks/,2023-03-12T06:04:12.000Z,https://instagram.flko11-1.fna.fbcdn.net/v/t51.2885-19/200621858_515948726268521_7509316850958769319_n.jpg?stp=dst-jpg_s150x150&_nc_ht=instagram.flko11-1.fna.fbcdn.net&_nc_cat=1&_nc_ohc=X_rN8QY9QiUAX9ZTc1h&edm=ABmJApABAAAA&ccb=7-5&oh=00_AfCLTx13pm3aQnTZ9Yz5nQFqiYA5R_o0APMkLvWBJus8Zw&oe=641B348A&_nc_sid=6136e7
#deepikaatoscars,/explore/tags/deepikaatoscars/,/koimoi/,2023-03-13T06:09:53.000Z,https://instagram.flko11-1.fna.fbcdn.net/v/t51.2885-19/18299645_171812276678099_3872869081359056896_a.jpg?_nc_ht=instagram.flko11-1.fna.fbcdn.net&_nc_cat=1&_nc_ohc=PzaaDuvB76EAX960jvW&edm=ABmJApABAAAA&ccb=7-5&oh=00_AfAvJATPAU1JcpEmBwnAjn91OdpCbam9LfsKcVHc5L8VGQ&oe=641AA1BA&_nc_sid=6136e7
#deepikapadukone,/explore/tags/deepikapadukone/,/koimoi/,2023-03-13T06:09:53.000Z,https://instagram.flko11-1.fna.fbcdn.net/v/t51.2885-19/18299645_171812276678099_3872869081359056896_a.jpg?_nc_ht=instagram.flko11-1.fna.fbcdn.net&_nc_cat=1&_nc_ohc=PzaaDuvB76EAX960jvW&edm=ABmJApABAAAA&ccb=7-5&oh=00_AfAvJATPAU1JcpEmBwnAjn91OdpCbam9LfsKcVHc5L8VGQ&oe=641AA1BA&_nc_sid=6136e7
#etsyshop,/explore/tags/etsyshop/,/koimoi/,2023-03-13T06:09:53.000Z,https://instagram.flko11-1.fna.fbcdn.net/v/t51.2885-19/18299645_171812276678099_3872869081359056896_a.jpg?_nc_ht=instagram.flko11-1.fna.fbcdn.net&_nc_cat=1&_nc_ohc=PzaaDuvB76EAX960jvW&edm=ABmJApABAAAA&ccb=7-5&oh=00_AfAvJATPAU1JcpEmBwnAjn91OdpCbam9LfsKcVHc5L8VGQ&oe=641AA1BA&_nc_sid=6136e7
#foryou,/explore/tags/foryou/,/viralentalks/,2023-03-12T06:04:12.000Z,https://instagram.flko11-1.fna.fbcdn.net/v/t51.2885-19/200621858_515948726268521_7509316850958769319_n.jpg?stp=dst-jpg_s150x150&_nc_ht=instagram.flko11-1.fna.fbcdn.net&_nc_cat=1&_nc_ohc=X_rN8QY9QiUAX9ZTc1h&edm=ABmJApABAAAA&ccb=7-5&oh=00_AfCLTx13pm3aQnTZ9Yz5nQFqiYA5R_o0APMkLvWBJus8Zw&oe=641B348A&_nc_sid=6136e7
#kanganaranaut,/explore/tags/kanganaranaut/,/koimoi/,2023-03-13T06:09:53.000Z,https://instagram.flko11-1.fna.fbcdn.net/v/t51.2885-19/18299645_171812276678099_3872869081359056896_a.jpg?_nc_ht=instagram.flko11-1.fna.fbcdn.net&_nc_cat=1&_nc_ohc=PzaaDuvB76EAX960jvW&edm=ABmJApABAAAA&ccb=7-5&oh=00_AfAvJATPAU1JcpEmBwnAjn91OdpCbam9LfsKcVHc5L8VGQ&oe=641AA1BA&_nc_sid=6136e7
#lashe,/explore/tags/lashe/,/koimoi/,2023-03-13T06:09:53.000Z,https://instagram.flko11-1.fna.fbcdn.net/v/t51.2885-19/18299645_171812276678099_3872869081359056896_a.jpg?_nc_ht=instagram.flko11-1.fna.fbcdn.net&_nc_cat=1&_nc_ohc=PzaaDuvB76EAX960jvW&edm=ABmJApABAAAA&ccb=7-5&oh=00_AfAvJATPAU1JcpEmBwnAjn91OdpCbam9LfsKcVHc5L8VGQ&oe=641AA1BA&_nc_sid=6136e7
#madhuridixit,/explore/tags/madhuridixit/,/viralentalks/,2023-03-12T06:04:12.000Z,https://instagram.flko11-1.fna.fbcdn.net/v/t51.2885-19/200621858_515948726268521_7509316850958769319_n.jpg?stp=dst-jpg_s150x150&_nc_ht=instagram.flko11-1.fna.fbcdn.net&_nc_cat=1&_nc_ohc=X_rN8QY9QiUAX9ZTc1h&edm=ABmJApABAAAA&ccb=7-5&oh=00_AfCLTx13pm3aQnTZ9Yz5nQFqiYA5R_o0APMkLvWBJus8Zw&oe=641B348A&_nc_sid=6136e7
#madhuridixitnene,/explore/tags/madhuridixitnene/,/viralentalks/,2023-03-12T06:04:12.000Z,https://instagram.flko11-1.fna.fbcdn.net/v/t51.2885-19/200621858_515948726268521_7509316850958769319_n.jpg?stp=dst-jpg_s150x150&_nc_ht=instagram.flko11-1.fna.fbcdn.net&_nc_cat=1&_nc_ohc=X_rN8QY9QiUAX9ZTc1h&edm=ABmJApABAAAA&ccb=7-5&oh=00_AfCLTx13pm3aQnTZ9Yz5nQFqiYA5R_o0APMkLvWBJus8Zw&oe=641B348A&_nc_sid=6136e7
#motherdaughter,/explore/tags/motherdaughter/,/viralentalks/,2023-03-12T06:04:12.000Z,https://instagram.flko11-1.fna.fbcdn.net/v/t51.2885-19/200621858_515948726268521_7509316850958769319_n.jpg?stp=dst-jpg_s150x150&_nc_ht=instagram.flko11-1.fna.fbcdn.net&_nc_cat=1&_nc_ohc=X_rN8QY9QiUAX9ZTc1h&edm=ABmJApABAAAA&ccb=7-5&oh=00_AfCLTx13pm3aQnTZ9Yz5nQFqiYA5R_o0APMkLvWBJus8Zw&oe=641B348A&_nc_sid=6136e7
#oscars2023,/explore/tags/oscars2023/,/koimoi/,2023-03-13T06:09:53.000Z,https://instagram.flko11-1.fna.fbcdn.net/v/t51.2885-19/18299645_171812276678099_3872869081359056896_a.jpg?_nc_ht=instagram.flko11-1.fna.fbcdn.net&_nc_cat=1&_nc_ohc=PzaaDuvB76EAX960jvW&edm=ABmJApABAAAA&ccb=7-5&oh=00_AfAvJATPAU1JcpEmBwnAjn91OdpCbam9LfsKcVHc5L8VGQ&oe=641AA1BA&_nc_sid=6136e7
#restinpeace,/explore/tags/restinpeace/,/viralentalks/,2023-03-12T06:04:12.000Z,https://instagram.flko11-1.fna.fbcdn.net/v/t51.2885-19/200621858_515948726268521_7509316850958769319_n.jpg?stp=dst-jpg_s150x150&_nc_ht=instagram.flko11-1.fna.fbcdn.net&_nc_cat=1&_nc_ohc=X_rN8QY9QiUAX9ZTc1h&edm=ABmJApABAAAA&ccb=7-5&oh=00_AfCLTx13pm3aQnTZ9Yz5nQFqiYA5R_o0APMkLvWBJus8Zw&oe=641B348A&_nc_sid=6136e7
#rip,/explore/tags/rip/,/viralentalks/,2023-03-12T06:04:12.000Z,https://instagram.flko11-1.fna.fbcdn.net/v/t51.2885-19/200621858_515948726268521_7509316850958769319_n.jpg?stp=dst-jpg_s150x150&_nc_ht=instagram.flko11-1.fna.fbcdn.net&_nc_cat=1&_nc_ohc=X_rN8QY9QiUAX9ZTc1h&edm=ABmJApABAAAA&ccb=7-5&oh=00_AfCLTx13pm3aQnTZ9Yz5nQFqiYA5R_o0APMkLvWBJus8Zw&oe=641B348A&_nc_sid=6136e7
#selfcare,/explore/tags/selfcare/,/koimoi/,2023-03-13T06:09:53.000Z,https://instagram.flko11-1.fna.fbcdn.net/v/t51.2885-19/18299645_171812276678099_3872869081359056896_a.jpg?_nc_ht=instagram.flko11-1.fna.fbcdn.net&_nc_cat=1&_nc_ohc=PzaaDuvB76EAX960jvW&edm=ABmJApABAAAA&ccb=7-5&oh=00_AfAvJATPAU1JcpEmBwnAjn91OdpCbam9LfsKcVHc5L8VGQ&oe=641AA1BA&_nc_sid=6136e7
#selflove,/explore/tags/selflove/,/koimoi/,2023-03-13T06:09:53.000Z,https://instagram.flko11-1.fna.fbcdn.net/v/t51.2885-19/18299645_171812276678099_3872869081359056896_a.jpg?_nc_ht=instagram.flko11-1.fna.fbcdn.net&_nc_cat=1&_nc_ohc=PzaaDuvB76EAX960jvW&edm=ABmJApABAAAA&ccb=7-5&oh=00_AfAvJATPAU1JcpEmBwnAjn91OdpCbam9LfsKcVHc5L8VGQ&oe=641AA1BA&_nc_sid=6136e7
#smallbusiness,/explore/tags/smallbusiness/,/koimoi/,2023-03-13T06:09:53.000Z,https://instagram.flko11-1.fna.fbcdn.net/v/t51.2885-19/18299645_171812276678099_3872869081359056896_a.jpg?_nc_ht=instagram.flko11-1.fna.fbcdn.net&_nc_cat=1&_nc_ohc=PzaaDuvB76EAX960jvW&edm=ABmJApABAAAA&ccb=7-5&oh=00_AfAvJATPAU1JcpEmBwnAjn91OdpCbam9LfsKcVHc5L8VGQ&oe=641AA1BA&_nc_sid=6136e7
#supportsmallbusiness,/explore/tags/supportsmallbusiness/,/koimoi/,2023-03-13T06:09:53.000Z,https://instagram.flko11-1.fna.fbcdn.net/v/t51.2885-19/18299645_171812276678099_3872869081359056896_a.jpg?_nc_ht=instagram.flko11-1.fna.fbcdn.net&_nc_cat=1&_nc_ohc=PzaaDuvB76EAX960jvW&edm=ABmJApABAAAA&ccb=7-5&oh=00_AfAvJATPAU1JcpEmBwnAjn91OdpCbam9LfsKcVHc5L8VGQ&oe=641AA1BA&_nc_sid=6136e7
#viralentalks,/explore/tags/viralentalks/,/viralentalks/,2023-03-12T06:04:12.000Z,https://instagram.flko11-1.fna.fbcdn.net/v/t51.2885-19/200621858_515948726268521_7509316850958769319_n.jpg?stp=dst-jpg_s150x150&_nc_ht=instagram.flko11-1.fna.fbcdn.net&_nc_cat=1&_nc_ohc=X_rN8QY9QiUAX9ZTc1h&edm=ABmJApABAAAA&ccb=7-5&oh=00_AfCLTx13pm3aQnTZ9Yz5nQFqiYA5R_o0APMkLvWBJus8Zw&oe=641B348A&_nc_sid=6136e7
#women,/explore/tags/women/,/koimoi/,2023-03-13T06:09:53.000Z,https://instagram.flko11-1.fna.fbcdn.net/v/t51.2885-19/18299645_171812276678099_3872869081359056896_a.jpg?_nc_ht=instagram.flko11-1.fna.fbcdn.net&_nc_cat=1&_nc_ohc=PzaaDuvB76EAX960jvW&edm=ABmJApABAAAA&ccb=7-5&oh=00_AfAvJATPAU1JcpEmBwnAjn91OdpCbam9LfsKcVHc5L8VGQ&oe=641AA1BA&_nc_sid=6136e7
tag,link,page,date,img
#abdevilliers,/explore/tags/abdevilliers/,/yash_editzzz.18/,2023-03-11T15:00:20.000Z,https://instagram.flko11-1.fna.fbcdn.net/v/t51.2885-19/327958147_1585304461897926_476280225991724720_n.jpg?stp=dst-jpg_s150x150&_nc_ht=instagram.flko11-1.fna.fbcdn.net&_nc_cat=1&_nc_ohc=IDr96XW-ioYAX9_vHBE&edm=AId3EpQBAAAA&ccb=7-5&oh=00_AfAb2FZ8J5Y2hKAzxndi0SlkE_4CoShCgJ-M4eF1MAn-7w&oe=6419D577&_nc_sid=705020
#bcci,/explore/tags/bcci/,/yash_editzzz.18/,2023-03-11T15:00:20.000Z,https://instagram.flko11-1.fna.fbcdn.net/v/t51.2885-19/327958147_1585304461897926_476280225991724720_n.jpg?stp=dst-jpg_s150x150&_nc_ht=instagram.flko11-1.fna.fbcdn.net&_nc_cat=1&_nc_ohc=IDr96XW-ioYAX9_vHBE&edm=AId3EpQBAAAA&ccb=7-5&oh=00_AfAb2FZ8J5Y2hKAzxndi0SlkE_4CoShCgJ-M4eF1MAn-7w&oe=6419D577&_nc_sid=705020
#beautifullooks‚ù§Ô∏è,/explore/tags/beautifullooks%E2%9D%A4%EF%B8%8F/,/neetu.rahi78/,2023-03-09T18:03:08.000Z,https://instagram.flko11-1.fna.fbcdn.net/v/t51.2885-19/307432024_840644727298073_5119286935481176354_n.jpg?stp=dst-jpg_s150x150&_nc_ht=instagram.flko11-1.fna.fbcdn.net&_nc_cat=105&_nc_ohc=NLQHfBeSAzgAX9uRIlI&edm=ABmJApABAAAA&ccb=7-5&oh=00_AfDbpxY5LxUfajy2QaZrTkviS9wCcKMF-hBYUNCfJrILPw&oe=641A0C34&_nc_sid=6136e7
#capcut,/explore/tags/capcut/,/nitin._.7x/,2023-03-10T06:15:52.000Z,https://instagram.flko11-1.fna.fbcdn.net/v/t51.2885-19/334467808_195101376472619_5427126469366120946_n.jpg?stp=dst-jpg_s150x150&_nc_ht=instagram.flko11-1.fna.fbcdn.net&_nc_cat=111&_nc_ohc=nKy7ZAuA4DoAX-RFw9L&edm=ABmJApABAAAA&ccb=7-5&oh=00_AfAgrU8fYshvwt7t-Bc9nQrSwnHdnhSdegpUoqPnhBHyZg&oe=641B6841&_nc_sid=6136e7
#celebration,/explore/tags/celebration/,/neetu.rahi78/,2023-03-09T18:03:08.000Z,https://instagram.flko11-1.fna.fbcdn.net/v/t51.2885-19/307432024_840644727298073_5119286935481176354_n.jpg?stp=dst-jpg_s150x150&_nc_ht=instagram.flko11-1.fna.fbcdn.net&_nc_cat=105&_nc_ohc=NLQHfBeSAzgAX9uRIlI&edm=ABmJApABAAAA&ccb=7-5&oh=00_AfDbpxY5LxUfajy2QaZrTkviS9wCcKMF-hBYUNCfJrILPw&oe=641A0C34&_nc_sid=6136e7
#cricket,/explore/tags/cricket/,/yash_editzzz.18/,2023-03-11T15:00:20.000Z,https://instagram.flko11-1.fna.fbcdn.net/v/t51.2885-19/327958147_1585304461897926_476280225991724720_n.jpg?stp=dst-jpg_s150x150&_nc_ht=instagram.flko11-1.fna.fbcdn.net&_nc_cat=1&_nc_ohc=IDr96XW-ioYAX9_vHBE&edm=AId3EpQBAAAA&ccb=7-5&oh=00_AfAb2FZ8J5Y2hKAzxndi0SlkE_4CoShCgJ-M4eF1MAn-7w&oe=6419D577&_nc_sid=705020
#cricketer,/explore/tags/cricketer/,/yash_editzzz.18/,2023-03-11T15:00:20.000Z,https://instagram.flko11-1.fna.fbcdn.net/v/t51.2885-19/327958147_1585304461897926_476280225991724720_n.jpg?stp=dst-jpg_s150x150&_nc_ht=instagram.flko11-1.fna.fbcdn.net&_nc_cat=1&_nc_ohc=IDr96XW-ioYAX9_vHBE&edm=AId3EpQBAAAA&ccb=7-5&oh=00_AfAb2FZ8J5Y2hKAzxndi0SlkE_4CoShCgJ-M4eF1MAn-7w&oe=6419D577&_nc_sid=705020
#edits,/explore/tags/edits/,/nitin._.7x/,2023-03-10T06:15:52.000Z,https://instagram.flko11-1.fna.fbcdn.net/v/t51.2885-19/334467808_195101376472619_5427126469366120946_n.jpg?stp=dst-jpg_s150x150&_nc_ht=instagram.flko11-1.fna.fbcdn.net&_nc_cat=111&_nc_ohc=nKy7ZAuA4DoAX-RFw9L&edm=ABmJApABAAAA&ccb=7-5&oh=00_AfAgrU8fYshvwt7t-Bc9nQrSwnHdnhSdegpUoqPnhBHyZg&oe=641B6841&_nc_sid=6136e7
#explorepage,/explore/tags/explorepage/,/nitin._.7x/,2023-03-10T06:15:52.000Z,https://instagram.flko11-1.fna.fbcdn.net/v/t51.2885-19/334467808_195101376472619_5427126469366120946_n.jpg?stp=dst-jpg_s150x150&_nc_ht=instagram.flko11-1.fna.fbcdn.net&_nc_cat=111&_nc_ohc=nKy7ZAuA4DoAX-RFw9L&edm=ABmJApABAAAA&ccb=7-5&oh=00_AfAgrU8fYshvwt7t-Bc9nQrSwnHdnhSdegpUoqPnhBHyZg&oe=641B6841&_nc_sid=6136e7
#icc,/explore/tags/icc/,/yash_editzzz.18/,2023-03-11T15:00:20.000Z,https://instagram.flko11-1.fna.fbcdn.net/v/t51.2885-19/327958147_1585304461897926_476280225991724720_n.jpg?stp=dst-jpg_s150x150&_nc_ht=instagram.flko11-1.fna.fbcdn.net&_nc_cat=1&_nc_ohc=IDr96XW-ioYAX9_vHBE&edm=AId3EpQBAAAA&ccb=7-5&oh=00_AfAb2FZ8J5Y2hKAzxndi0SlkE_4CoShCgJ-M4eF1MAn-7w&oe=6419D577&_nc_sid=705020
#indiancricketteam,/explore/tags/indiancricketteam/,/yash_editzzz.18/,2023-03-11T15:00:20.000Z,https://instagram.flko11-1.fna.fbcdn.net/v/t51.2885-19/327958147_1585304461897926_476280225991724720_n.jpg?stp=dst-jpg_s150x150&_nc_ht=instagram.flko11-1.fna.fbcdn.net&_nc_cat=1&_nc_ohc=IDr96XW-ioYAX9_vHBE&edm=AId3EpQBAAAA&ccb=7-5&oh=00_AfAb2FZ8J5Y2hKAzxndi0SlkE_4CoShCgJ-M4eF1MAn-7w&oe=6419D577&_nc_sid=705020
#instagram,/explore/tags/instagram/,/yash_editzzz.18/,2023-03-11T15:00:20.000Z,https://instagram.flko11-1.fna.fbcdn.net/v/t51.2885-19/327958147_1585304461897926_476280225991724720_n.jpg?stp=dst-jpg_s150x150&_nc_ht=instagram.flko11-1.fna.fbcdn.net&_nc_cat=1&_nc_ohc=IDr96XW-ioYAX9_vHBE&edm=AId3EpQBAAAA&ccb=7-5&oh=00_AfAb2FZ8J5Y2hKAzxndi0SlkE_4CoShCgJ-M4eF1MAn-7w&oe=6419D577&_nc_sid=705020
#instapicsüì∑,/explore/tags/instapics%F0%9F%93%B7/,/neetu.rahi78/,2023-03-09T18:03:08.000Z,https://instagram.flko11-1.fna.fbcdn.net/v/t51.2885-19/307432024_840644727298073_5119286935481176354_n.jpg?stp=dst-jpg_s150x150&_nc_ht=instagram.flko11-1.fna.fbcdn.net&_nc_cat=105&_nc_ohc=NLQHfBeSAzgAX9uRIlI&edm=ABmJApABAAAA&ccb=7-5&oh=00_AfDbpxY5LxUfajy2QaZrTkviS9wCcKMF-hBYUNCfJrILPw&oe=641A0C34&_nc_sid=6136e7
#ipl,/explore/tags/ipl/,/yash_editzzz.18/,2023-03-11T15:00:20.000Z,https://instagram.flko11-1.fna.fbcdn.net/v/t51.2885-19/327958147_1585304461897926_476280225991724720_n.jpg?stp=dst-jpg_s150x150&_nc_ht=instagram.flko11-1.fna.fbcdn.net&_nc_cat=1&_nc_ohc=IDr96XW-ioYAX9_vHBE&edm=AId3EpQBAAAA&ccb=7-5&oh=00_AfAb2FZ8J5Y2hKAzxndi0SlkE_4CoShCgJ-M4eF1MAn-7w&oe=6419D577&_nc_sid=705020
#ipl2022,/explore/tags/ipl2022/,/yash_editzzz.18/,2023-03-11T15:00:20.000Z,https://instagram.flko11-1.fna.fbcdn.net/v/t51.2885-19/327958147_1585304461897926_476280225991724720_n.jpg?stp=dst-jpg_s150x150&_nc_ht=instagram.flko11-1.fna.fbcdn.net&_nc_cat=1&_nc_ohc=IDr96XW-ioYAX9_vHBE&edm=AId3EpQBAAAA&ccb=7-5&oh=00_AfAb2FZ8J5Y2hKAzxndi0SlkE_4CoShCgJ-M4eF1MAn-7w&oe=6419D577&_nc_sid=705020
#kingkohli,/explore/tags/kingkohli/,/yash_editzzz.18/,2023-03-11T15:00:20.000Z,https://instagram.flko11-1.fna.fbcdn.net/v/t51.2885-19/327958147_1585304461897926_476280225991724720_n.jpg?stp=dst-jpg_s150x150&_nc_ht=instagram.flko11-1.fna.fbcdn.net&_nc_cat=1&_nc_ohc=IDr96XW-ioYAX9_vHBE&edm=AId3EpQBAAAA&ccb=7-5&oh=00_AfAb2FZ8J5Y2hKAzxndi0SlkE_4CoShCgJ-M4eF1MAn-7w&oe=6419D577&_nc_sid=705020
#kohli,/explore/tags/kohli/,/yash_editzzz.18/,2023-03-11T15:00:20.000Z,https://instagram.flko11-1.fna.fbcdn.net/v/t51.2885-19/327958147_1585304461897926_476280225991724720_n.jpg?stp=dst-jpg_s150x150&_nc_ht=instagram.flko11-1.fna.fbcdn.net&_nc_cat=1&_nc_ohc=IDr96XW-ioYAX9_vHBE&edm=AId3EpQBAAAA&ccb=7-5&oh=00_AfAb2FZ8J5Y2hKAzxndi0SlkE_4CoShCgJ-M4eF1MAn-7w&oe=6419D577&_nc_sid=705020
#kohlism,/explore/tags/kohlism/,/yash_editzzz.18/,2023-03-11T15:00:20.000Z,https://instagram.flko11-1.fna.fbcdn.net/v/t51.2885-19/327958147_1585304461897926_476280225991724720_n.jpg?stp=dst-jpg_s150x150&_nc_ht=instagram.flko11-1.fna.fbcdn.net&_nc_cat=1&_nc_ohc=IDr96XW-ioYAX9_vHBE&edm=AId3EpQBAAAA&ccb=7-5&oh=00_AfAb2FZ8J5Y2hKAzxndi0SlkE_4CoShCgJ-M4eF1MAn-7w&oe=6419D577&_nc_sid=705020
#mahirat,/explore/tags/mahirat/,/yash_editzzz.18/,2023-03-11T15:00:20.000Z,https://instagram.flko11-1.fna.fbcdn.net/v/t51.2885-19/327958147_1585304461897926_476280225991724720_n.jpg?stp=dst-jpg_s150x150&_nc_ht=instagram.flko11-1.fna.fbcdn.net&_nc_cat=1&_nc_ohc=IDr96XW-ioYAX9_vHBE&edm=AId3EpQBAAAA&ccb=7-5&oh=00_AfAb2FZ8J5Y2hKAzxndi0SlkE_4CoShCgJ-M4eF1MAn-7w&oe=6419D577&_nc_sid=705020
#newyork,/explore/tags/newyork/,/nitin._.7x/,2023-03-10T06:15:52.000Z,https://instagram.flko11-1.fna.fbcdn.net/v/t51.2885-19/334467808_195101376472619_5427126469366120946_n.jpg?stp=dst-jpg_s150x150&_nc_ht=instagram.flko11-1.fna.fbcdn.net&_nc_cat=111&_nc_ohc=nKy7ZAuA4DoAX-RFw9L&edm=ABmJApABAAAA&ccb=7-5&oh=00_AfAgrU8fYshvwt7t-Bc9nQrSwnHdnhSdegpUoqPnhBHyZg&oe=641B6841&_nc_sid=6136e7
#odi,/explore/tags/odi/,/yash_editzzz.18/,2023-03-11T15:00:20.000Z,https://instagram.flko11-1.fna.fbcdn.net/v/t51.2885-19/327958147_1585304461897926_476280225991724720_n.jpg?stp=dst-jpg_s150x150&_nc_ht=instagram.flko11-1.fna.fbcdn.net&_nc_cat=1&_nc_ohc=IDr96XW-ioYAX9_vHBE&edm=AId3EpQBAAAA&ccb=7-5&oh=00_AfAb2FZ8J5Y2hKAzxndi0SlkE_4CoShCgJ-M4eF1MAn-7w&oe=6419D577&_nc_sid=705020
#partypic,/explore/tags/partypic/,/neetu.rahi78/,2023-03-09T18:03:08.000Z,https://instagram.flko11-1.fna.fbcdn.net/v/t51.2885-19/307432024_840644727298073_5119286935481176354_n.jpg?stp=dst-jpg_s150x150&_nc_ht=instagram.flko11-1.fna.fbcdn.net&_nc_cat=105&_nc_ohc=NLQHfBeSAzgAX9uRIlI&edm=ABmJApABAAAA&ccb=7-5&oh=00_AfDbpxY5LxUfajy2QaZrTkviS9wCcKMF-hBYUNCfJrILPw&oe=641A0C34&_nc_sid=6136e7
#prtyenjoyüòéüòç,/explore/tags/prtyenjoy%F0%9F%98%8E%F0%9F%98%8D/,/neetu.rahi78/,2023-03-09T18:03:08.000Z,https://instagram.flko11-1.fna.fbcdn.net/v/t51.2885-19/307432024_840644727298073_5119286935481176354_n.jpg?stp=dst-jpg_s150x150&_nc_ht=instagram.flko11-1.fna.fbcdn.net&_nc_cat=105&_nc_ohc=NLQHfBeSAzgAX9uRIlI&edm=ABmJApABAAAA&ccb=7-5&oh=00_AfDbpxY5LxUfajy2QaZrTkviS9wCcKMF-hBYUNCfJrILPw&oe=641A0C34&_nc_sid=6136e7
#rcb,/explore/tags/rcb/,/yash_editzzz.18/,2023-03-11T15:00:20.000Z,https://instagram.flko11-1.fna.fbcdn.net/v/t51.2885-19/327958147_1585304461897926_476280225991724720_n.jpg?stp=dst-jpg_s150x150&_nc_ht=instagram.flko11-1.fna.fbcdn.net&_nc_cat=1&_nc_ohc=IDr96XW-ioYAX9_vHBE&edm=AId3EpQBAAAA&ccb=7-5&oh=00_AfAb2FZ8J5Y2hKAzxndi0SlkE_4CoShCgJ-M4eF1MAn-7w&oe=6419D577&_nc_sid=705020
#rcbians,/explore/tags/rcbians/,/yash_editzzz.18/,2023-03-11T15:00:20.000Z,https://instagram.flko11-1.fna.fbcdn.net/v/t51.2885-19/327958147_1585304461897926_476280225991724720_n.jpg?stp=dst-jpg_s150x150&_nc_ht=instagram.flko11-1.fna.fbcdn.net&_nc_cat=1&_nc_ohc=IDr96XW-ioYAX9_vHBE&edm=AId3EpQBAAAA&ccb=7-5&oh=00_AfAb2FZ8J5Y2hKAzxndi0SlkE_4CoShCgJ-M4eF1MAn-7w&oe=6419D577&_nc_sid=705020
#rohirat,/explore/tags/rohirat/,/yash_editzzz.18/,2023-03-11T15:00:20.000Z,https://instagram.flko11-1.fna.fbcdn.net/v/t51.2885-19/327958147_1585304461897926_476280225991724720_n.jpg?stp=dst-jpg_s150x150&_nc_ht=instagram.flko11-1.fna.fbcdn.net&_nc_cat=1&_nc_ohc=IDr96XW-ioYAX9_vHBE&edm=AId3EpQBAAAA&ccb=7-5&oh=00_AfAb2FZ8J5Y2hKAzxndi0SlkE_4CoShCgJ-M4eF1MAn-7w&oe=6419D577&_nc_sid=705020
#rohitsharma,/explore/tags/rohitsharma/,/yash_editzzz.18/,2023-03-11T15:00:20.000Z,https://instagram.flko11-1.fna.fbcdn.net/v/t51.2885-19/327958147_1585304461897926_476280225991724720_n.jpg?stp=dst-jpg_s150x150&_nc_ht=instagram.flko11-1.fna.fbcdn.net&_nc_cat=1&_nc_ohc=IDr96XW-ioYAX9_vHBE&edm=AId3EpQBAAAA&ccb=7-5&oh=00_AfAb2FZ8J5Y2hKAzxndi0SlkE_4CoShCgJ-M4eF1MAn-7w&oe=6419D577&_nc_sid=705020
#royalchallengersbangalore,/explore/tags/royalchallengersbangalore/,/yash_editzzz.18/,2023-03-11T15:00:20.000Z,https://instagram.flko11-1.fna.fbcdn.net/v/t51.2885-19/327958147_1585304461897926_476280225991724720_n.jpg?stp=dst-jpg_s150x150&_nc_ht=instagram.flko11-1.fna.fbcdn.net&_nc_cat=1&_nc_ohc=IDr96XW-ioYAX9_vHBE&edm=AId3EpQBAAAA&ccb=7-5&oh=00_AfAb2FZ8J5Y2hKAzxndi0SlkE_4CoShCgJ-M4eF1MAn-7w&oe=6419D577&_nc_sid=705020
#runmachine,/explore/tags/runmachine/,/yash_editzzz.18/,2023-03-11T15:00:20.000Z,https://instagram.flko11-1.fna.fbcdn.net/v/t51.2885-19/327958147_1585304461897926_476280225991724720_n.jpg?stp=dst-jpg_s150x150&_nc_ht=instagram.flko11-1.fna.fbcdn.net&_nc_cat=1&_nc_ohc=IDr96XW-ioYAX9_vHBE&edm=AId3EpQBAAAA&ccb=7-5&oh=00_AfAb2FZ8J5Y2hKAzxndi0SlkE_4CoShCgJ-M4eF1MAn-7w&oe=6419D577&_nc_sid=705020
#t20,/explore/tags/t20/,/yash_editzzz.18/,2023-03-11T15:00:20.000Z,https://instagram.flko11-1.fna.fbcdn.net/v/t51.2885-19/327958147_1585304461897926_476280225991724720_n.jpg?stp=dst-jpg_s150x150&_nc_ht=instagram.flko11-1.fna.fbcdn.net&_nc_cat=1&_nc_ohc=IDr96XW-ioYAX9_vHBE&edm=AId3EpQBAAAA&ccb=7-5&oh=00_AfAb2FZ8J5Y2hKAzxndi0SlkE_4CoShCgJ-M4eF1MAn-7w&oe=6419D577&_nc_sid=705020
#teamindia,/explore/tags/teamindia/,/yash_editzzz.18/,2023-03-11T15:00:20.000Z,https://instagram.flko11-1.fna.fbcdn.net/v/t51.2885-19/327958147_1585304461897926_476280225991724720_n.jpg?stp=dst-jpg_s150x150&_nc_ht=instagram.flko11-1.fna.fbcdn.net&_nc_cat=1&_nc_ohc=IDr96XW-ioYAX9_vHBE&edm=AId3EpQBAAAA&ccb=7-5&oh=00_AfAb2FZ8J5Y2hKAzxndi0SlkE_4CoShCgJ-M4eF1MAn-7w&oe=6419D577&_nc_sid=705020
#trending,/explore/tags/trending/,/nitin._.7x/,2023-03-10T06:15:52.000Z,https://instagram.flko11-1.fna.fbcdn.net/v/t51.2885-19/334467808_195101376472619_5427126469366120946_n.jpg?stp=dst-jpg_s150x150&_nc_ht=instagram.flko11-1.fna.fbcdn.net&_nc_cat=111&_nc_ohc=nKy7ZAuA4DoAX-RFw9L&edm=ABmJApABAAAA&ccb=7-5&oh=00_AfAgrU8fYshvwt7t-Bc9nQrSwnHdnhSdegpUoqPnhBHyZg&oe=641B6841&_nc_sid=6136e7
#viral,/explore/tags/viral/,/nitin._.7x/,2023-03-10T06:15:52.000Z,https://instagram.flko11-1.fna.fbcdn.net/v/t51.2885-19/334467808_195101376472619_5427126469366120946_n.jpg?stp=dst-jpg_s150x150&_nc_ht=instagram.flko11-1.fna.fbcdn.net&_nc_cat=111&_nc_ohc=nKy7ZAuA4DoAX-RFw9L&edm=ABmJApABAAAA&ccb=7-5&oh=00_AfAgrU8fYshvwt7t-Bc9nQrSwnHdnhSdegpUoqPnhBHyZg&oe=641B6841&_nc_sid=6136e7
#virat,/explore/tags/virat/,/yash_editzzz.18/,2023-03-11T15:00:20.000Z,https://instagram.flko11-1.fna.fbcdn.net/v/t51.2885-19/327958147_1585304461897926_476280225991724720_n.jpg?stp=dst-jpg_s150x150&_nc_ht=instagram.flko11-1.fna.fbcdn.net&_nc_cat=1&_nc_ohc=IDr96XW-ioYAX9_vHBE&edm=AId3EpQBAAAA&ccb=7-5&oh=00_AfAb2FZ8J5Y2hKAzxndi0SlkE_4CoShCgJ-M4eF1MAn-7w&oe=6419D577&_nc_sid=705020
#viratians,/explore/tags/viratians/,/yash_editzzz.18/,2023-03-11T15:00:20.000Z,https://instagram.flko11-1.fna.fbcdn.net/v/t51.2885-19/327958147_1585304461897926_476280225991724720_n.jpg?stp=dst-jpg_s150x150&_nc_ht=instagram.flko11-1.fna.fbcdn.net&_nc_cat=1&_nc_ohc=IDr96XW-ioYAX9_vHBE&edm=AId3EpQBAAAA&ccb=7-5&oh=00_AfAb2FZ8J5Y2hKAzxndi0SlkE_4CoShCgJ-M4eF1MAn-7w&oe=6419D577&_nc_sid=705020
#viratism,/explore/tags/viratism/,/yash_editzzz.18/,2023-03-11T15:00:20.000Z,https://instagram.flko11-1.fna.fbcdn.net/v/t51.2885-19/327958147_1585304461897926_476280225991724720_n.jpg?stp=dst-jpg_s150x150&_nc_ht=instagram.flko11-1.fna.fbcdn.net&_nc_cat=1&_nc_ohc=IDr96XW-ioYAX9_vHBE&edm=AId3EpQBAAAA&ccb=7-5&oh=00_AfAb2FZ8J5Y2hKAzxndi0SlkE_4CoShCgJ-M4eF1MAn-7w&oe=6419D577&_nc_sid=705020
#viratkohli,/explore/tags/viratkohli/,/yash_editzzz.18/,2023-03-11T15:00:20.000Z,https://instagram.flko11-1.fna.fbcdn.net/v/t51.2885-19/327958147_1585304461897926_476280225991724720_n.jpg?stp=dst-jpg_s150x150&_nc_ht=instagram.flko11-1.fna.fbcdn.net&_nc_cat=1&_nc_ohc=IDr96XW-ioYAX9_vHBE&edm=AId3EpQBAAAA&ccb=7-5&oh=00_AfAb2FZ8J5Y2hKAzxndi0SlkE_4CoShCgJ-M4eF1MAn-7w&oe=6419D577&_nc_sid=705020
#vk,/explore/tags/vk/,/yash_editzzz.18/,2023-03-11T15:00:20.000Z,https://instagram.flko11-1.fna.fbcdn.net/v/t51.2885-19/327958147_1585304461897926_476280225991724720_n.jpg?stp=dst-jpg_s150x150&_nc_ht=instagram.flko11-1.fna.fbcdn.net&_nc_cat=1&_nc_ohc=IDr96XW-ioYAX9_vHBE&edm=AId3EpQBAAAA&ccb=7-5&oh=00_AfAb2FZ8J5Y2hKAzxndi0SlkE_4CoShCgJ-M4eF1MAn-7w&oe=6419D577&_nc_sid=705020
#worldcup,/explore/tags/worldcup/,/yash_editzzz.18/,2023-03-11T15:00:20.000Z,https://instagram.flko11-1.fna.fbcdn.net/v/t51.2885-19/327958147_1585304461897926_476280225991724720_n.jpg?stp=dst-jpg_s150x150&_nc_ht=instagram.flko11-1.fna.fbcdn.net&_nc_cat=1&_nc_ohc=IDr96XW-ioYAX9_vHBE&edm=AId3EpQBAAAA&ccb=7-5&oh=00_AfAb2FZ8J5Y2hKAzxndi0SlkE_4CoShCgJ-M4eF1MAn-7w&oe=6419D577&_nc_sid=705020
tag,link,page,date,img
#9th,/explore/tags/9th/,/sreemukhi/,2023-03-13T12:04:36.000Z,https://instagram.flko11-1.fna.fbcdn.net/v/t51.2885-19/259577374_243687454587145_5324628354465176143_n.jpg?stp=dst-jpg_s150x150&_nc_ht=instagram.flko11-1.fna.fbcdn.net&_nc_cat=1&_nc_ohc=H1OCFfEleEYAX85TJgs&edm=ABmJApABAAAA&ccb=7-5&oh=00_AfB64h14FN0TVO3XmTh0mpsWRYgogvap1ojHuxH75HYpgg&oe=641B5644&_nc_sid=6136e7
#BBJodi,/explore/tags/bbjodi/,/sreemukhi/,2023-03-13T12:04:36.000Z,https://instagram.flko11-1.fna.fbcdn.net/v/t51.2885-19/259577374_243687454587145_5324628354465176143_n.jpg?stp=dst-jpg_s150x150&_nc_ht=instagram.flko11-1.fna.fbcdn.net&_nc_cat=1&_nc_ohc=H1OCFfEleEYAX85TJgs&edm=ABmJApABAAAA&ccb=7-5&oh=00_AfB64h14FN0TVO3XmTh0mpsWRYgogvap1ojHuxH75HYpgg&oe=641B5644&_nc_sid=6136e7
#alannapanday,/explore/tags/alannapanday/,/instantbollywood/,2023-03-14T08:25:50.000Z,https://instagram.flko11-1.fna.fbcdn.net/v/t51.2885-19/299955958_104691272316346_6128863586793629494_n.jpg?stp=dst-jpg_s150x150&_nc_ht=instagram.flko11-1.fna.fbcdn.net&_nc_cat=1&_nc_ohc=RK3w1ZT3kEkAX8HeQvl&edm=ABmJApABAAAA&ccb=7-5&oh=00_AfCGpdpkvDRuIN35eLR5rWnGQUQp6QZn9UYjnKqdq5IWtw&oe=641BBA85&_nc_sid=6136e7
#gj,/explore/tags/gj/,/instantbollywood/,2023-03-14T08:25:50.000Z,https://instagram.flko11-1.fna.fbcdn.net/v/t51.2885-19/299955958_104691272316346_6128863586793629494_n.jpg?stp=dst-jpg_s150x150&_nc_ht=instagram.flko11-1.fna.fbcdn.net&_nc_cat=1&_nc_ohc=RK3w1ZT3kEkAX8HeQvl&edm=ABmJApABAAAA&ccb=7-5&oh=00_AfCGpdpkvDRuIN35eLR5rWnGQUQp6QZn9UYjnKqdq5IWtw&oe=641BBA85&_nc_sid=6136e7
#netflix,/explore/tags/netflix/,/ashika_rangnath/,2023-03-10T14:12:40.000Z,https://instagram.flko11-1.fna.fbcdn.net/v/t51.2885-19/246971223_929319347794475_2839243582766922595_n.jpg?stp=dst-jpg_s150x150&_nc_ht=instagram.flko11-1.fna.fbcdn.net&_nc_cat=1&_nc_ohc=1jmZCPhMTvgAX_0XBzc&edm=ABmJApABAAAA&ccb=7-5&oh=00_AfAT0bNwm5otIUSqIGTyb6mZkMC6l503tkmIPS2iCpImmw&oe=641C90CE&_nc_sid=6136e7
#sreemukhi,/explore/tags/sreemukhi/,/sreemukhi/,2023-03-13T12:04:36.000Z,https://instagram.flko11-1.fna.fbcdn.net/v/t51.2885-19/259577374_243687454587145_5324628354465176143_n.jpg?stp=dst-jpg_s150x150&_nc_ht=instagram.flko11-1.fna.fbcdn.net&_nc_cat=1&_nc_ohc=H1OCFfEleEYAX85TJgs&edm=ABmJApABAAAA&ccb=7-5&oh=00_AfB64h14FN0TVO3XmTh0mpsWRYgogvap1ojHuxH75HYpgg&oe=641B5644&_nc_sid=6136e7
#starmaa,/explore/tags/starmaa/,/sreemukhi/,2023-03-13T12:04:36.000Z,https://instagram.flko11-1.fna.fbcdn.net/v/t51.2885-19/259577374_243687454587145_5324628354465176143_n.jpg?stp=dst-jpg_s150x150&_nc_ht=instagram.flko11-1.fna.fbcdn.net&_nc_cat=1&_nc_ohc=H1OCFfEleEYAX85TJgs&edm=ABmJApABAAAA&ccb=7-5&oh=00_AfB64h14FN0TVO3XmTh0mpsWRYgogvap1ojHuxH75HYpgg&oe=641B5644&_nc_sid=6136e7
#styledbygkk,/explore/tags/styledbygkk/,/sreemukhi/,2023-03-13T12:04:36.000Z,https://instagram.flko11-1.fna.fbcdn.net/v/t51.2885-19/259577374_243687454587145_5324628354465176143_n.jpg?stp=dst-jpg_s150x150&_nc_ht=instagram.flko11-1.fna.fbcdn.net&_nc_cat=1&_nc_ohc=H1OCFfEleEYAX85TJgs&edm=ABmJApABAAAA&ccb=7-5&oh=00_AfB64h14FN0TVO3XmTh0mpsWRYgogvap1ojHuxH75HYpgg&oe=641B5644&_nc_sid=6136e7
#wonder,/explore/tags/wonder/,/sreemukhi/,2023-03-13T12:04:36.000Z,https://instagram.flko11-1.fna.fbcdn.net/v/t51.2885-19/259577374_243687454587145_5324628354465176143_n.jpg?stp=dst-jpg_s150x150&_nc_ht=instagram.flko11-1.fna.fbcdn.net&_nc_cat=1&_nc_ohc=H1OCFfEleEYAX85TJgs&edm=ABmJApABAAAA&ccb=7-5&oh=00_AfB64h14FN0TVO3XmTh0mpsWRYgogvap1ojHuxH75HYpgg&oe=641B5644&_nc_sid=6136e7
tag,link,page,date,img
#Excellenceremakeable‚ö°,/explore/tags/excellenceremakeable%E2%9A%A1/,/ravidubey2312/,2023-03-22T05:56:45.000Z,https://instagram.flko11-1.fna.fbcdn.net/v/t51.2885-19/337838996_2495580627262956_7493994016796278970_n.jpg?stp=dst-jpg_s150x150&_nc_ht=instagram.flko11-1.fna.fbcdn.net&_nc_cat=1&_nc_ohc=o22w6_3BjEwAX_JJBDa&edm=ABmJApABAAAA&ccb=7-5&oh=00_AfBkR8TMXO3MxSufqQyfbUJBzMWDr55YbX5obJSonPdxWw&oe=64244EDC&_nc_sid=6136e7
#Faraddayy,/explore/tags/faraddayy/,/ravidubey2312/,2023-03-22T05:56:45.000Z,https://instagram.flko11-1.fna.fbcdn.net/v/t51.2885-19/337838996_2495580627262956_7493994016796278970_n.jpg?stp=dst-jpg_s150x150&_nc_ht=instagram.flko11-1.fna.fbcdn.net&_nc_cat=1&_nc_ohc=o22w6_3BjEwAX_JJBDa&edm=ABmJApABAAAA&ccb=7-5&oh=00_AfBkR8TMXO3MxSufqQyfbUJBzMWDr55YbX5obJSonPdxWw&oe=64244EDC&_nc_sid=6136e7
#ai,/explore/tags/ai/,/travelrealindia/,2023-03-21T03:55:38.000Z,https://instagram.flko11-1.fna.fbcdn.net/v/t51.2885-19/297976476_760334115019979_1924698676576483856_n.jpg?stp=dst-jpg_s150x150&_nc_ht=instagram.flko11-1.fna.fbcdn.net&_nc_cat=1&_nc_ohc=Lf1J2_MncKcAX9wLUBy&edm=ABmJApABAAAA&ccb=7-5&oh=00_AfAjlEGOoVNYqTMqQpsGcacIuL4HHRXBQPLMv-srZsjPig&oe=64253F87&_nc_sid=6136e7
#aiassistedart,/explore/tags/aiassistedart/,/travelrealindia/,2023-03-21T03:55:38.000Z,https://instagram.flko11-1.fna.fbcdn.net/v/t51.2885-19/297976476_760334115019979_1924698676576483856_n.jpg?stp=dst-jpg_s150x150&_nc_ht=instagram.flko11-1.fna.fbcdn.net&_nc_cat=1&_nc_ohc=Lf1J2_MncKcAX9wLUBy&edm=ABmJApABAAAA&ccb=7-5&oh=00_AfAjlEGOoVNYqTMqQpsGcacIuL4HHRXBQPLMv-srZsjPig&oe=64253F87&_nc_sid=6136e7
#ambedkarsir,/explore/tags/ambedkarsir/,/travelrealindia/,2023-03-21T03:55:38.000Z,https://instagram.flko11-1.fna.fbcdn.net/v/t51.2885-19/297976476_760334115019979_1924698676576483856_n.jpg?stp=dst-jpg_s150x150&_nc_ht=instagram.flko11-1.fna.fbcdn.net&_nc_cat=1&_nc_ohc=Lf1J2_MncKcAX9wLUBy&edm=ABmJApABAAAA&ccb=7-5&oh=00_AfAjlEGOoVNYqTMqQpsGcacIuL4HHRXBQPLMv-srZsjPig&oe=64253F87&_nc_sid=6136e7
#baby,/explore/tags/baby/,/mathesh_photography__/,2023-03-18T13:24:04.000Z,https://instagram.flko11-1.fna.fbcdn.net/v/t51.2885-19/337412900_613171590245919_974794233428043020_n.jpg?stp=dst-jpg_s150x150&_nc_ht=instagram.flko11-1.fna.fbcdn.net&_nc_cat=1&_nc_ohc=Xxb942xuJzkAX9yHErE&edm=ABmJApABAAAA&ccb=7-5&oh=00_AfBWs4iXAYcvuFb5VT-17Cto0R90H2vvXi9cm6Mi-xQDNw&oe=6425286E&_nc_sid=6136e7
#babyphotography,/explore/tags/babyphotography/,/mathesh_photography__/,2023-03-18T13:24:04.000Z,https://instagram.flko11-1.fna.fbcdn.net/v/t51.2885-19/337412900_613171590245919_974794233428043020_n.jpg?stp=dst-jpg_s150x150&_nc_ht=instagram.flko11-1.fna.fbcdn.net&_nc_cat=1&_nc_ohc=Xxb942xuJzkAX9yHErE&edm=ABmJApABAAAA&ccb=7-5&oh=00_AfBWs4iXAYcvuFb5VT-17Cto0R90H2vvXi9cm6Mi-xQDNw&oe=6425286E&_nc_sid=6136e7
#babyshower,/explore/tags/babyshower/,/mathesh_photography__/,2023-03-18T13:24:04.000Z,https://instagram.flko11-1.fna.fbcdn.net/v/t51.2885-19/337412900_613171590245919_974794233428043020_n.jpg?stp=dst-jpg_s150x150&_nc_ht=instagram.flko11-1.fna.fbcdn.net&_nc_cat=1&_nc_ohc=Xxb942xuJzkAX9yHErE&edm=ABmJApABAAAA&ccb=7-5&oh=00_AfBWs4iXAYcvuFb5VT-17Cto0R90H2vvXi9cm6Mi-xQDNw&oe=6425286E&_nc_sid=6136e7
#digitalart,/explore/tags/digitalart/,/travelrealindia/,2023-03-21T03:55:38.000Z,https://instagram.flko11-1.fna.fbcdn.net/v/t51.2885-19/297976476_760334115019979_1924698676576483856_n.jpg?stp=dst-jpg_s150x150&_nc_ht=instagram.flko11-1.fna.fbcdn.net&_nc_cat=1&_nc_ohc=Lf1J2_MncKcAX9wLUBy&edm=ABmJApABAAAA&ccb=7-5&oh=00_AfAjlEGOoVNYqTMqQpsGcacIuL4HHRXBQPLMv-srZsjPig&oe=64253F87&_nc_sid=6136e7
#found,/explore/tags/found/,/travelrealindia/,2023-03-21T03:55:38.000Z,https://instagram.flko11-1.fna.fbcdn.net/v/t51.2885-19/297976476_760334115019979_1924698676576483856_n.jpg?stp=dst-jpg_s150x150&_nc_ht=instagram.flko11-1.fna.fbcdn.net&_nc_cat=1&_nc_ohc=Lf1J2_MncKcAX9wLUBy&edm=ABmJApABAAAA&ccb=7-5&oh=00_AfAjlEGOoVNYqTMqQpsGcacIuL4HHRXBQPLMv-srZsjPig&oe=64253F87&_nc_sid=6136e7
#jyojohnmulloor,/explore/tags/jyojohnmulloor/,/travelrealindia/,2023-03-21T03:55:38.000Z,https://instagram.flko11-1.fna.fbcdn.net/v/t51.2885-19/297976476_760334115019979_1924698676576483856_n.jpg?stp=dst-jpg_s150x150&_nc_ht=instagram.flko11-1.fna.fbcdn.net&_nc_cat=1&_nc_ohc=Lf1J2_MncKcAX9wLUBy&edm=ABmJApABAAAA&ccb=7-5&oh=00_AfAjlEGOoVNYqTMqQpsGcacIuL4HHRXBQPLMv-srZsjPig&oe=64253F87&_nc_sid=6136e7
#midjourney,/explore/tags/midjourney/,/travelrealindia/,2023-03-21T03:55:38.000Z,https://instagram.flko11-1.fna.fbcdn.net/v/t51.2885-19/297976476_760334115019979_1924698676576483856_n.jpg?stp=dst-jpg_s150x150&_nc_ht=instagram.flko11-1.fna.fbcdn.net&_nc_cat=1&_nc_ohc=Lf1J2_MncKcAX9wLUBy&edm=ABmJApABAAAA&ccb=7-5&oh=00_AfAjlEGOoVNYqTMqQpsGcacIuL4HHRXBQPLMv-srZsjPig&oe=64253F87&_nc_sid=6136e7
#old,/explore/tags/old/,/travelrealindia/,2023-03-21T03:55:38.000Z,https://instagram.flko11-1.fna.fbcdn.net/v/t51.2885-19/297976476_760334115019979_1924698676576483856_n.jpg?stp=dst-jpg_s150x150&_nc_ht=instagram.flko11-1.fna.fbcdn.net&_nc_cat=1&_nc_ohc=Lf1J2_MncKcAX9wLUBy&edm=ABmJApABAAAA&ccb=7-5&oh=00_AfAjlEGOoVNYqTMqQpsGcacIuL4HHRXBQPLMv-srZsjPig&oe=64253F87&_nc_sid=6136e7
#photoshop,/explore/tags/photoshop/,/travelrealindia/,2023-03-21T03:55:38.000Z,https://instagram.flko11-1.fna.fbcdn.net/v/t51.2885-19/297976476_760334115019979_1924698676576483856_n.jpg?stp=dst-jpg_s150x150&_nc_ht=instagram.flko11-1.fna.fbcdn.net&_nc_cat=1&_nc_ohc=Lf1J2_MncKcAX9wLUBy&edm=ABmJApABAAAA&ccb=7-5&oh=00_AfAjlEGOoVNYqTMqQpsGcacIuL4HHRXBQPLMv-srZsjPig&oe=64253F87&_nc_sid=6136e7
#selfies,/explore/tags/selfies/,/travelrealindia/,2023-03-21T03:55:38.000Z,https://instagram.flko11-1.fna.fbcdn.net/v/t51.2885-19/297976476_760334115019979_1924698676576483856_n.jpg?stp=dst-jpg_s150x150&_nc_ht=instagram.flko11-1.fna.fbcdn.net&_nc_cat=1&_nc_ohc=Lf1J2_MncKcAX9wLUBy&edm=ABmJApABAAAA&ccb=7-5&oh=00_AfAjlEGOoVNYqTMqQpsGcacIuL4HHRXBQPLMv-srZsjPig&oe=64253F87&_nc_sid=6136e7
#wedding,/explore/tags/wedding/,/mathesh_photography__/,2023-03-18T13:24:04.000Z,https://instagram.flko11-1.fna.fbcdn.net/v/t51.2885-19/337412900_613171590245919_974794233428043020_n.jpg?stp=dst-jpg_s150x150&_nc_ht=instagram.flko11-1.fna.fbcdn.net&_nc_cat=1&_nc_ohc=Xxb942xuJzkAX9yHErE&edm=ABmJApABAAAA&ccb=7-5&oh=00_AfBWs4iXAYcvuFb5VT-17Cto0R90H2vvXi9cm6Mi-xQDNw&oe=6425286E&_nc_sid=6136e7
tag,link,page,date,img
#dcvsgt,/explore/tags/dcvsgt/,/teambcci/,2023-04-04T18:49:00.000Z,https://instagram.fdel1-5.fna.fbcdn.net/v/t51.2885-19/315589704_840943643785485_6507275876253520380_n.jpg?stp=dst-jpg_s150x150&_nc_ht=instagram.fdel1-5.fna.fbcdn.net&_nc_cat=1&_nc_ohc=aAvpr3_zKE8AX-2cwM3&edm=ABmJApABAAAA&ccb=7-5&oh=00_AfDO0OS6AWpETTlc1LMbQ9Rq7Sjb1w50jvdnOvNEkmgk2w&oe=6439BAD2&_nc_sid=6136e7
#ipl,/explore/tags/ipl/,/teambcci/,2023-04-04T18:49:00.000Z,https://instagram.fdel1-5.fna.fbcdn.net/v/t51.2885-19/315589704_840943643785485_6507275876253520380_n.jpg?stp=dst-jpg_s150x150&_nc_ht=instagram.fdel1-5.fna.fbcdn.net&_nc_cat=1&_nc_ohc=aAvpr3_zKE8AX-2cwM3&edm=ABmJApABAAAA&ccb=7-5&oh=00_AfDO0OS6AWpETTlc1LMbQ9Rq7Sjb1w50jvdnOvNEkmgk2w&oe=6439BAD2&_nc_sid=6136e7
#ipl2023,/explore/tags/ipl2023/,/teambcci/,2023-04-04T18:49:00.000Z,https://instagram.fdel1-5.fna.fbcdn.net/v/t51.2885-19/315589704_840943643785485_6507275876253520380_n.jpg?stp=dst-jpg_s150x150&_nc_ht=instagram.fdel1-5.fna.fbcdn.net&_nc_cat=1&_nc_ohc=aAvpr3_zKE8AX-2cwM3&edm=ABmJApABAAAA&ccb=7-5&oh=00_AfDO0OS6AWpETTlc1LMbQ9Rq7Sjb1w50jvdnOvNEkmgk2w&oe=6439BAD2&_nc_sid=6136e7
#iplt20,/explore/tags/iplt20/,/teambcci/,2023-04-04T18:49:00.000Z,https://instagram.fdel1-5.fna.fbcdn.net/v/t51.2885-19/315589704_840943643785485_6507275876253520380_n.jpg?stp=dst-jpg_s150x150&_nc_ht=instagram.fdel1-5.fna.fbcdn.net&_nc_cat=1&_nc_ohc=aAvpr3_zKE8AX-2cwM3&edm=ABmJApABAAAA&ccb=7-5&oh=00_AfDO0OS6AWpETTlc1LMbQ9Rq7Sjb1w50jvdnOvNEkmgk2w&oe=6439BAD2&_nc_sid=6136e7
#rishabhpant,/explore/tags/rishabhpant/,/teambcci/,2023-04-04T18:49:00.000Z,https://instagram.fdel1-5.fna.fbcdn.net/v/t51.2885-19/315589704_840943643785485_6507275876253520380_n.jpg?stp=dst-jpg_s150x150&_nc_ht=instagram.fdel1-5.fna.fbcdn.net&_nc_cat=1&_nc_ohc=aAvpr3_zKE8AX-2cwM3&edm=ABmJApABAAAA&ccb=7-5&oh=00_AfDO0OS6AWpETTlc1LMbQ9Rq7Sjb1w50jvdnOvNEkmgk2w&oe=6439BAD2&_nc_sid=6136e7
tag,link,page,date,img
#Cricket,/explore/tags/cricket/,/circleofcricket/,2023-04-07T16:26:55.000Z,https://instagram.fdel1-5.fna.fbcdn.net/v/t51.2885-19/336181079_939705273719806_3638925678861565236_n.jpg?stp=dst-jpg_s150x150&_nc_ht=instagram.fdel1-5.fna.fbcdn.net&_nc_cat=1&_nc_ohc=YdHQ2ryTzzwAX9whE21&edm=ABmJApABAAAA&ccb=7-5&oh=00_AfCO1_XDaAI4gj21WOt1xc5SvqHh4KCpPR8JPK9797T-nw&oe=643ABA5A&_nc_sid=6136e7
#IPL2023,/explore/tags/ipl2023/,/circleofcricket/,2023-04-07T16:26:55.000Z,https://instagram.fdel1-5.fna.fbcdn.net/v/t51.2885-19/336181079_939705273719806_3638925678861565236_n.jpg?stp=dst-jpg_s150x150&_nc_ht=instagram.fdel1-5.fna.fbcdn.net&_nc_cat=1&_nc_ohc=YdHQ2ryTzzwAX9whE21&edm=ABmJApABAAAA&ccb=7-5&oh=00_AfCO1_XDaAI4gj21WOt1xc5SvqHh4KCpPR8JPK9797T-nw&oe=643ABA5A&_nc_sid=6136e7
#LSGvSRH,/explore/tags/lsgvsrh/,/circleofcricket/,2023-04-07T16:26:55.000Z,https://instagram.fdel1-5.fna.fbcdn.net/v/t51.2885-19/336181079_939705273719806_3638925678861565236_n.jpg?stp=dst-jpg_s150x150&_nc_ht=instagram.fdel1-5.fna.fbcdn.net&_nc_cat=1&_nc_ohc=YdHQ2ryTzzwAX9whE21&edm=ABmJApABAAAA&ccb=7-5&oh=00_AfCO1_XDaAI4gj21WOt1xc5SvqHh4KCpPR8JPK9797T-nw&oe=643ABA5A&_nc_sid=6136e7
#LoveüëÄ‚ù§Ô∏èüòö,/explore/tags/love%F0%9F%91%80%E2%9D%A4%EF%B8%8F%F0%9F%98%9A/,/s_s_official_9868/,2023-03-23T04:55:14.000Z,https://instagram.fdel1-5.fna.fbcdn.net/v/t51.2885-19/339328533_887745288975102_5145966129942660947_n.jpg?stp=dst-jpg_s150x150&_nc_ht=instagram.fdel1-5.fna.fbcdn.net&_nc_cat=106&_nc_ohc=fLkr-z38w_IAX8Vqxg9&edm=ABmJApABAAAA&ccb=7-5&oh=00_AfDCpOJfISj1p8B-msOzGIPK_VXt6wUC4gX-GeqdNLiesQ&oe=643A998C&_nc_sid=6136e7
#SRH,/explore/tags/srh/,/circleofcricket/,2023-04-07T16:26:55.000Z,https://instagram.fdel1-5.fna.fbcdn.net/v/t51.2885-19/336181079_939705273719806_3638925678861565236_n.jpg?stp=dst-jpg_s150x150&_nc_ht=instagram.fdel1-5.fna.fbcdn.net&_nc_cat=1&_nc_ohc=YdHQ2ryTzzwAX9whE21&edm=ABmJApABAAAA&ccb=7-5&oh=00_AfCO1_XDaAI4gj21WOt1xc5SvqHh4KCpPR8JPK9797T-nw&oe=643ABA5A&_nc_sid=6136e7
#babygirl,/explore/tags/babygirl/,/simplekudi0013/,2023-03-16T09:57:00.000Z,https://instagram.fdel1-5.fna.fbcdn.net/v/t51.2885-19/328314652_740488603946299_2315535160126856637_n.jpg?stp=dst-jpg_s150x150&_nc_ht=instagram.fdel1-5.fna.fbcdn.net&_nc_cat=107&_nc_ohc=GDhn6q-Z-qcAX9PhR4e&edm=ABmJApABAAAA&ccb=7-5&oh=00_AfAufIcb_JhXm-N2x1fak7SgwnR32PRJdpNji7kOM-CixA&oe=6439A8F7&_nc_sid=6136e7
#backbenchers,/explore/tags/backbenchers/,/friendshipworld.in/,2023-04-04T09:30:00.000Z,https://instagram.fdel1-5.fna.fbcdn.net/v/t51.2885-19/67708592_416475155652212_5559121525790998528_n.jpg?stp=dst-jpg_s150x150&_nc_ht=instagram.fdel1-5.fna.fbcdn.net&_nc_cat=1&_nc_ohc=AyiXCfcijMQAX-P_H_2&edm=ABmJApABAAAA&ccb=7-5&oh=00_AfBSKTmv9JftuUW0WAS4BCkNHkw4iZb-xrYR9r3Esh7HQA&oe=643B485B&_nc_sid=6136e7
#bakkchodi,/explore/tags/bakkchodi/,/friendshipworld.in/,2023-04-04T09:30:00.000Z,https://instagram.fdel1-5.fna.fbcdn.net/v/t51.2885-19/67708592_416475155652212_5559121525790998528_n.jpg?stp=dst-jpg_s150x150&_nc_ht=instagram.fdel1-5.fna.fbcdn.net&_nc_cat=1&_nc_ohc=AyiXCfcijMQAX-P_H_2&edm=ABmJApABAAAA&ccb=7-5&oh=00_AfBSKTmv9JftuUW0WAS4BCkNHkw4iZb-xrYR9r3Esh7HQA&oe=643B485B&_nc_sid=6136e7
#bollywoodmemes,/explore/tags/bollywoodmemes/,/friendshipworld.in/,2023-04-04T09:30:00.000Z,https://instagram.fdel1-5.fna.fbcdn.net/v/t51.2885-19/67708592_416475155652212_5559121525790998528_n.jpg?stp=dst-jpg_s150x150&_nc_ht=instagram.fdel1-5.fna.fbcdn.net&_nc_cat=1&_nc_ohc=AyiXCfcijMQAX-P_H_2&edm=ABmJApABAAAA&ccb=7-5&oh=00_AfBSKTmv9JftuUW0WAS4BCkNHkw4iZb-xrYR9r3Esh7HQA&oe=643B485B&_nc_sid=6136e7
#desimemes,/explore/tags/desimemes/,/friendshipworld.in/,2023-04-04T09:30:00.000Z,https://instagram.fdel1-5.fna.fbcdn.net/v/t51.2885-19/67708592_416475155652212_5559121525790998528_n.jpg?stp=dst-jpg_s150x150&_nc_ht=instagram.fdel1-5.fna.fbcdn.net&_nc_cat=1&_nc_ohc=AyiXCfcijMQAX-P_H_2&edm=ABmJApABAAAA&ccb=7-5&oh=00_AfBSKTmv9JftuUW0WAS4BCkNHkw4iZb-xrYR9r3Esh7HQA&oe=643B485B&_nc_sid=6136e7
#dosti,/explore/tags/dosti/,/friendshipworld.in/,2023-04-04T09:30:00.000Z,https://instagram.fdel1-5.fna.fbcdn.net/v/t51.2885-19/67708592_416475155652212_5559121525790998528_n.jpg?stp=dst-jpg_s150x150&_nc_ht=instagram.fdel1-5.fna.fbcdn.net&_nc_cat=1&_nc_ohc=AyiXCfcijMQAX-P_H_2&edm=ABmJApABAAAA&ccb=7-5&oh=00_AfBSKTmv9JftuUW0WAS4BCkNHkw4iZb-xrYR9r3Esh7HQA&oe=643B485B&_nc_sid=6136e7
#feelingblessed,/explore/tags/feelingblessed/,/simplekudi0013/,2023-03-16T09:57:00.000Z,https://instagram.fdel1-5.fna.fbcdn.net/v/t51.2885-19/328314652_740488603946299_2315535160126856637_n.jpg?stp=dst-jpg_s150x150&_nc_ht=instagram.fdel1-5.fna.fbcdn.net&_nc_cat=107&_nc_ohc=GDhn6q-Z-qcAX9PhR4e&edm=ABmJApABAAAA&ccb=7-5&oh=00_AfAufIcb_JhXm-N2x1fak7SgwnR32PRJdpNji7kOM-CixA&oe=6439A8F7&_nc_sid=6136e7
#funnymemes,/explore/tags/funnymemes/,/friendshipworld.in/,2023-04-04T09:30:00.000Z,https://instagram.fdel1-5.fna.fbcdn.net/v/t51.2885-19/67708592_416475155652212_5559121525790998528_n.jpg?stp=dst-jpg_s150x150&_nc_ht=instagram.fdel1-5.fna.fbcdn.net&_nc_cat=1&_nc_ohc=AyiXCfcijMQAX-P_H_2&edm=ABmJApABAAAA&ccb=7-5&oh=00_AfBSKTmv9JftuUW0WAS4BCkNHkw4iZb-xrYR9r3Esh7HQA&oe=643B485B&_nc_sid=6136e7
#hindijokes,/explore/tags/hindijokes/,/friendshipworld.in/,2023-04-04T09:30:00.000Z,https://instagram.fdel1-5.fna.fbcdn.net/v/t51.2885-19/67708592_416475155652212_5559121525790998528_n.jpg?stp=dst-jpg_s150x150&_nc_ht=instagram.fdel1-5.fna.fbcdn.net&_nc_cat=1&_nc_ohc=AyiXCfcijMQAX-P_H_2&edm=ABmJApABAAAA&ccb=7-5&oh=00_AfBSKTmv9JftuUW0WAS4BCkNHkw4iZb-xrYR9r3Esh7HQA&oe=643B485B&_nc_sid=6136e7
#instagramüåé‚ô•Ô∏è,/explore/tags/instagram%F0%9F%8C%8E%E2%99%A5%EF%B8%8F/,/s_s_official_9868/,2023-03-23T04:55:14.000Z,https://instagram.fdel1-5.fna.fbcdn.net/v/t51.2885-19/339328533_887745288975102_5145966129942660947_n.jpg?stp=dst-jpg_s150x150&_nc_ht=instagram.fdel1-5.fna.fbcdn.net&_nc_cat=106&_nc_ohc=fLkr-z38w_IAX8Vqxg9&edm=ABmJApABAAAA&ccb=7-5&oh=00_AfDCpOJfISj1p8B-msOzGIPK_VXt6wUC4gX-GeqdNLiesQ&oe=643A998C&_nc_sid=6136e7
#ipl2023,/explore/tags/ipl2023/,/circleofcricket/,2023-04-07T16:26:55.000Z,https://instagram.fdel1-5.fna.fbcdn.net/v/t51.2885-19/336181079_939705273719806_3638925678861565236_n.jpg?stp=dst-jpg_s150x150&_nc_ht=instagram.fdel1-5.fna.fbcdn.net&_nc_cat=1&_nc_ohc=YdHQ2ryTzzwAX9whE21&edm=ABmJApABAAAA&ccb=7-5&oh=00_AfCO1_XDaAI4gj21WOt1xc5SvqHh4KCpPR8JPK9797T-nw&oe=643ABA5A&_nc_sid=6136e7
#mybabydoll,/explore/tags/mybabydoll/,/simplekudi0013/,2023-03-16T09:57:00.000Z,https://instagram.fdel1-5.fna.fbcdn.net/v/t51.2885-19/328314652_740488603946299_2315535160126856637_n.jpg?stp=dst-jpg_s150x150&_nc_ht=instagram.fdel1-5.fna.fbcdn.net&_nc_cat=107&_nc_ohc=GDhn6q-Z-qcAX9PhR4e&edm=ABmJApABAAAA&ccb=7-5&oh=00_AfAufIcb_JhXm-N2x1fak7SgwnR32PRJdpNji7kOM-CixA&oe=6439A8F7&_nc_sid=6136e7
#nonvegjokes,/explore/tags/nonvegjokes/,/friendshipworld.in/,2023-04-04T09:30:00.000Z,https://instagram.fdel1-5.fna.fbcdn.net/v/t51.2885-19/67708592_416475155652212_5559121525790998528_n.jpg?stp=dst-jpg_s150x150&_nc_ht=instagram.fdel1-5.fna.fbcdn.net&_nc_cat=1&_nc_ohc=AyiXCfcijMQAX-P_H_2&edm=ABmJApABAAAA&ccb=7-5&oh=00_AfBSKTmv9JftuUW0WAS4BCkNHkw4iZb-xrYR9r3Esh7HQA&oe=643B485B&_nc_sid=6136e7
#phirkbhiüòò,/explore/tags/phirkbhi%F0%9F%98%98/,/s_s_official_9868/,2023-03-23T04:55:14.000Z,https://instagram.fdel1-5.fna.fbcdn.net/v/t51.2885-19/339328533_887745288975102_5145966129942660947_n.jpg?stp=dst-jpg_s150x150&_nc_ht=instagram.fdel1-5.fna.fbcdn.net&_nc_cat=106&_nc_ohc=fLkr-z38w_IAX8Vqxg9&edm=ABmJApABAAAA&ccb=7-5&oh=00_AfDCpOJfISj1p8B-msOzGIPK_VXt6wUC4gX-GeqdNLiesQ&oe=643A998C&_nc_sid=6136e7
#reelsinstagram,/explore/tags/reelsinstagram/,/simplekudi0013/,2023-03-16T09:57:00.000Z,https://instagram.fdel1-5.fna.fbcdn.net/v/t51.2885-19/328314652_740488603946299_2315535160126856637_n.jpg?stp=dst-jpg_s150x150&_nc_ht=instagram.fdel1-5.fna.fbcdn.net&_nc_cat=107&_nc_ohc=GDhn6q-Z-qcAX9PhR4e&edm=ABmJApABAAAA&ccb=7-5&oh=00_AfAufIcb_JhXm-N2x1fak7SgwnR32PRJdpNji7kOM-CixA&oe=6439A8F7&_nc_sid=6136e7
#rvcj,/explore/tags/rvcj/,/friendshipworld.in/,2023-04-04T09:30:00.000Z,https://instagram.fdel1-5.fna.fbcdn.net/v/t51.2885-19/67708592_416475155652212_5559121525790998528_n.jpg?stp=dst-jpg_s150x150&_nc_ht=instagram.fdel1-5.fna.fbcdn.net&_nc_cat=1&_nc_ohc=AyiXCfcijMQAX-P_H_2&edm=ABmJApABAAAA&ccb=7-5&oh=00_AfBSKTmv9JftuUW0WAS4BCkNHkw4iZb-xrYR9r3Esh7HQA&oe=643B485B&_nc_sid=6136e7
#rvcjinsta,/explore/tags/rvcjinsta/,/friendshipworld.in/,2023-04-04T09:30:00.000Z,https://instagram.fdel1-5.fna.fbcdn.net/v/t51.2885-19/67708592_416475155652212_5559121525790998528_n.jpg?stp=dst-jpg_s150x150&_nc_ht=instagram.fdel1-5.fna.fbcdn.net&_nc_cat=1&_nc_ohc=AyiXCfcijMQAX-P_H_2&edm=ABmJApABAAAA&ccb=7-5&oh=00_AfBSKTmv9JftuUW0WAS4BCkNHkw4iZb-xrYR9r3Esh7HQA&oe=643B485B&_nc_sid=6136e7
#sarcasm,/explore/tags/sarcasm/,/friendshipworld.in/,2023-04-04T09:30:00.000Z,https://instagram.fdel1-5.fna.fbcdn.net/v/t51.2885-19/67708592_416475155652212_5559121525790998528_n.jpg?stp=dst-jpg_s150x150&_nc_ht=instagram.fdel1-5.fna.fbcdn.net&_nc_cat=1&_nc_ohc=AyiXCfcijMQAX-P_H_2&edm=ABmJApABAAAA&ccb=7-5&oh=00_AfBSKTmv9JftuUW0WAS4BCkNHkw4iZb-xrYR9r3Esh7HQA&oe=643B485B&_nc_sid=6136e7
#sarcasticmemes,/explore/tags/sarcasticmemes/,/friendshipworld.in/,2023-04-04T09:30:00.000Z,https://instagram.fdel1-5.fna.fbcdn.net/v/t51.2885-19/67708592_416475155652212_5559121525790998528_n.jpg?stp=dst-jpg_s150x150&_nc_ht=instagram.fdel1-5.fna.fbcdn.net&_nc_cat=1&_nc_ohc=AyiXCfcijMQAX-P_H_2&edm=ABmJApABAAAA&ccb=7-5&oh=00_AfBSKTmv9JftuUW0WAS4BCkNHkw4iZb-xrYR9r3Esh7HQA&oe=643B485B&_nc_sid=6136e7
#schoolfun,/explore/tags/schoolfun/,/friendshipworld.in/,2023-04-04T09:30:00.000Z,https://instagram.fdel1-5.fna.fbcdn.net/v/t51.2885-19/67708592_416475155652212_5559121525790998528_n.jpg?stp=dst-jpg_s150x150&_nc_ht=instagram.fdel1-5.fna.fbcdn.net&_nc_cat=1&_nc_ohc=AyiXCfcijMQAX-P_H_2&edm=ABmJApABAAAA&ccb=7-5&oh=00_AfBSKTmv9JftuUW0WAS4BCkNHkw4iZb-xrYR9r3Esh7HQA&oe=643B485B&_nc_sid=6136e7
#schoolmemories,/explore/tags/schoolmemories/,/friendshipworld.in/,2023-04-04T09:30:00.000Z,https://instagram.fdel1-5.fna.fbcdn.net/v/t51.2885-19/67708592_416475155652212_5559121525790998528_n.jpg?stp=dst-jpg_s150x150&_nc_ht=instagram.fdel1-5.fna.fbcdn.net&_nc_cat=1&_nc_ohc=AyiXCfcijMQAX-P_H_2&edm=ABmJApABAAAA&ccb=7-5&oh=00_AfBSKTmv9JftuUW0WAS4BCkNHkw4iZb-xrYR9r3Esh7HQA&oe=643B485B&_nc_sid=6136e7
#sunrisershyderabad,/explore/tags/sunrisershyderabad/,/circleofcricket/,2023-04-07T16:26:55.000Z,https://instagram.fdel1-5.fna.fbcdn.net/v/t51.2885-19/336181079_939705273719806_3638925678861565236_n.jpg?stp=dst-jpg_s150x150&_nc_ht=instagram.fdel1-5.fna.fbcdn.net&_nc_cat=1&_nc_ohc=YdHQ2ryTzzwAX9whE21&edm=ABmJApABAAAA&ccb=7-5&oh=00_AfCO1_XDaAI4gj21WOt1xc5SvqHh4KCpPR8JPK9797T-nw&oe=643ABA5A&_nc_sid=6136e7
#terayaarhoonmain,/explore/tags/terayaarhoonmain/,/friendshipworld.in/,2023-04-04T09:30:00.000Z,https://instagram.fdel1-5.fna.fbcdn.net/v/t51.2885-19/67708592_416475155652212_5559121525790998528_n.jpg?stp=dst-jpg_s150x150&_nc_ht=instagram.fdel1-5.fna.fbcdn.net&_nc_cat=1&_nc_ohc=AyiXCfcijMQAX-P_H_2&edm=ABmJApABAAAA&ccb=7-5&oh=00_AfBSKTmv9JftuUW0WAS4BCkNHkw4iZb-xrYR9r3Esh7HQA&oe=643B485B&_nc_sid=6136e7
#terejaisayaarkahan,/explore/tags/terejaisayaarkahan/,/friendshipworld.in/,2023-04-04T09:30:00.000Z,https://instagram.fdel1-5.fna.fbcdn.net/v/t51.2885-19/67708592_416475155652212_5559121525790998528_n.jpg?stp=dst-jpg_s150x150&_nc_ht=instagram.fdel1-5.fna.fbcdn.net&_nc_cat=1&_nc_ohc=AyiXCfcijMQAX-P_H_2&edm=ABmJApABAAAA&ccb=7-5&oh=00_AfBSKTmv9JftuUW0WAS4BCkNHkw4iZb-xrYR9r3Esh7HQA&oe=643B485B&_nc_sid=6136e7
#yaarana,/explore/tags/yaarana/,/friendshipworld.in/,2023-04-04T09:30:00.000Z,https://instagram.fdel1-5.fna.fbcdn.net/v/t51.2885-19/67708592_416475155652212_5559121525790998528_n.jpg?stp=dst-jpg_s150x150&_nc_ht=instagram.fdel1-5.fna.fbcdn.net&_nc_cat=1&_nc_ohc=AyiXCfcijMQAX-P_H_2&edm=ABmJApABAAAA&ccb=7-5&oh=00_AfBSKTmv9JftuUW0WAS4BCkNHkw4iZb-xrYR9r3Esh7HQA&oe=643B485B&_nc_sid=6136e7
#√ëƒõ≈µp√∏≈°≈•üí´‚ù§Ô∏è,/explore/tags/%C3%B1%C4%9B%C5%B5p%C3%B8%C5%A1%C5%A5%F0%9F%92%AB%E2%9D%A4%EF%B8%8F/,/s_s_official_9868/,2023-03-23T04:55:14.000Z,https://instagram.fdel1-5.fna.fbcdn.net/v/t51.2885-19/339328533_887745288975102_5145966129942660947_n.jpg?stp=dst-jpg_s150x150&_nc_ht=instagram.fdel1-5.fna.fbcdn.net&_nc_cat=106&_nc_ohc=fLkr-z38w_IAX8Vqxg9&edm=ABmJApABAAAA&ccb=7-5&oh=00_AfDCpOJfISj1p8B-msOzGIPK_VXt6wUC4gX-GeqdNLiesQ&oe=643A998C&_nc_sid=6136e7
tag,link,page,date,img
